0,0,0,0,0,0,0,0,0,0,0,0,0,0,0,0,0,0,0,0,0,0,2048,2048,4128,2048,2048,2048,2048,4128,6208,6241,32,64,64,96,128,128,128,128,128,96,64,4128,8192,14336,16384,16384,14339,10245,8195,8195,8195,8195,4099,4099,0,0,32,32,32,32,64,64,96,96,96,96,64,64,64,64,64,64,64,64,32,32,32,32,0,0,0,0,0,0,0,0,0,0,0,0,0,0,0,0,0,0,0,0,0,0,0,0,0,0,0,0,0,0,0,0,0,0,0,0,0,0,0,0,0,0,0,0,0,0,0,0,0,0,0,0,0,0,0,0,0,0,0,0,0,0,0,0,0,0,0,0,0,0,0,0,0,0,0,0,0,0,0,0
0,0,0,0,0,0,0,0,0,0,0,0,0,0,0,0,0,0,0,0,0,0,2048,2048,4128,2048,2048,2048,2048,4128,6208,8289,2048,32,32,64,64,96,96,96,64,32,32,2048,8192,12288,16384,14336,14339,8197,8195,8195,8195,4099,4099,4099,0,0,32,32,32,32,64,64,64,64,64,64,32,32,32,32,32,32,32,32,32,32,0,0,0,0,0,0,0,0,0,0,0,0,0,0,0,0,0,0,0,0,0,0,0,0,0,0,0,0,0,0,0,0,0,0,0,0,0,0,0,0,0,0,0,0,0,0,0,0,0,0,0,0,0,0,0,0,0,0,0,0,0,0,0,0,0,0,0,0,0,0,0,0,0,0,0,0,0,0,0,0,0,0
0,0,0,0,0,0,0,0,0,0,0,0,0,0,0,0,0,0,0,0,0,0,2048,2048,4128,2048,2048,2048,6144,8192,10272,12353,8192,6144,2048,0,0,0,32,32,0,2048,6144,8192,14336,16384,20480,16384,8194,2050,2050,2050,2050,2050,2048,0,0,0,32,32,32,32,32,32,0,0,0,0,0,0,0,0,0,0,0,0,0,0,2048,0,0,0,0,0,0,0,0,0,0,0,0,0,0,0,0,0,0,0,0,0,0,0,0,0,0,0,0,0,0,0,0,0,0,0,0,0,0,0,0,0,0,0,0,0,0,0,0,0,0,0,0,0,0,0,0,0,0,0,0,0,0,0,0,0,0,0,0,0,0,0,0,0,0,0,0,0,0,0,0,0
0,0,0,0,0,0,0,0,0,0,0,0,0,0,0,0,0,0,0,0,0,0,2048,2048,4128,2048,2048,2048,6144,8192,10272,14369,12288,14336,12288,8192,8192,6144,6144,2048,10272,10272,12288,16384,20480,24576,26624,20480,8192,2050,2050,2050,2050,2050,0,0,0,0,32,32,32,32,32,0,2048,2048,6144,2048,6144,2048,2048,2048,2048,2048,2048,2048,2048,2048,2048,2048,0,0,0,0,0,0,0,0,0,0,0,0,0,0,0,0,0,0,0,0,0,0,0,0,0,0,0,0,0,0,0,0,0,0,0,0,0,0,0,0,0,0,0,0,0,0,0,0,0,0,0,0,0,0,0,0,0,0,0,0,0,0,0,0,0,0,0,0,0,0,0,0,0,0,0,0,0,0,0,0
0,0,0,0,0,0,0,0,0,0,0,0,0,0,0,0,0,0,0,0,0,0,2048,2048,8192,6144,6144,6144,8192,10240,12288,18433,18432,22528,18432,16384,16384,14336,14336,14336,20514,20514,22562,24578,28674,30722,30722,28674,8192,2048,2048,2048,0,0,0,0,0,0,0,0,0,0,0,0,6144,6144,8194,6144,8194,6144,6146,6146,6146,6146,6146,6146,2050,2050,2050,2050,0,0,0,0,0,0,0,0,0,0,0,0,0,0,0,0,0,0,0,0,0,0,0,0,0,0,0,0,0,0,0,0,0,0,0,0,0,0,0,0,0,0,0,0,0,0,0,0,0,0,0,0,0,0,0,0,0,0,0,0,0,0,0,0,0,0,0,0,0,0,0,0,0,0,0,0,0,0,0,0
0,0,0,0,0,0,0,0,0,0,0,0,0,0,0,0,0,0,0,0,0,0,2048,2048,8192,6144,6144,6144,8192,10240,12288,20481,26625,28673,26625,26625,26625,22529,22529,20481,28740,28740,28740,32804,32804,34852,34852,32804,10240,4128,4097,4097,4097,2081,2081,2081,0,0,0,0,0,0,0,2048,6146,6146,6146,6146,6146,6146,6146,2050,6146,2050,2050,2050,2050,2,2050,2,0,0,0,0,0,0,0,0,0,0,0,0,0,0,0,0,0,0,0,0,0,0,0,0,0,0,0,0,0,0,0,0,0,0,0,0,0,0,0,0,0,0,0,0,0,0,0,0,0,0,0,0,0,0,0,0,0,0,0,0,0,0,0,0,0,0,0,0,0,0,0,0,0,0,0,0,0,0,0,0
0,0,0,0,0,0,0,0,0,0,0,0,0,0,0,0,32,32,0,0,0,0,2048,2048,8192,6144,8192,8192,12288,14336,16384,20481,30753,32769,32769,30753,30753,30753,30753,26657,32834,32834,32834,32834,32834,32834,32834,28738,12320,10272,10272,10272,10272,6208,6208,6208,2048,2048,2048,2048,2048,2048,2048,2048,2050,2052,2052,2052,2052,2052,2050,2,2050,2,2,2,0,32,0,0,0,0,0,0,0,0,0,0,0,0,0,0,0,0,0,0,0,0,0,0,0,0,0,0,0,0,0,0,0,0,0,0,0,0,0,0,0,0,0,0,0,0,0,0,0,0,0,0,0,0,0,0,0,0,0,0,0,0,0,0,0,0,0,0,0,0,0,0,0,0,0,0,0,0,0,0,0,0,0,0
0,0,0,0,0,0,0,0,0,0,0,0,0,0,0,0,32,32,0,0,0,0,2048,2048,8192,8192,8192,12288,12288,16384,18432,22529,32834,34850,34850,34850,32834,32834,32834,32834,30753,30753,30753,30753,30753,30753,30753,26657,18464,14400,14400,14400,14400,12353,12353,12353,6144,2048,2048,2048,2048,2048,2048,2050,4,4,4,4,4,4,2,2,2,2,2,32,32,32,32,32,0,0,0,0,0,0,0,0,0,0,0,0,0,0,0,0,0,0,0,0,0,0,0,0,0,0,0,0,0,0,0,0,0,0,0,0,0,0,0,0,0,0,0,0,0,0,0,0,0,0,0,0,0,0,0,0,0,0,0,0,0,0,0,0,0,0,0,0,0,0,0,0,0,0,0,0,0,0,0,0
0,0,0,0,0,0,0,0,0,0,0,0,0,0,0,0,32,32,32,32,0,2080,4128,8192,8192,8192,12288,14336,20481,28740,28740,24578,37062,32833,28672,30752,39076,41157,36930,32768,30720,36930,36930,30720,30720,36930,36930,28672,24608,22528,18432,22560,24705,26787,26787,20642,10240,8192,6144,6144,2048,2048,2050,2,36,37,102,168,168,69,34,34,98,32,25103,96,128,27214,64,6306,6243,0,18729,20810,0,0,10405,0,0,0,0,0,0,0,0,0,0,0,0,0,0,0,0,0,0,0,0,0,0,0,0,0,0,0,0,0,0,0,0,0,0,0,0,0,0,0,0,0,0,0,0,0,0,0,0,0,0,0,0,0,0,0,0,0,0,0,0,0,0,0,0,0,0,0,0,0,0,0,0,0
0,0,0,0,0,0,0,0,0,0,0,0,0,0,0,0,32,32,32,32,0,2080,8192,8192,8192,12288,14336,14336,24578,32902,37064,39143,22528,32832,34912,32800,30720,32800,36864,36864,36864,43040,43040,36864,36864,43040,43040,34816,36864,32800,32800,30752,28672,24608,24576,24641,12288,8192,10241,10274,10274,4097,2050,2,36,4428,6509,68,68,98,4360,6439,10536,64,32,32,32,32,32,12514,16646,0,0,0,20810,6243,0,14567,0,0,0,0,0,0,0,0,0,0,0,0,0,0,0,0,0,0,0,0,0,0,0,0,0,0,0,0,0,0,0,0,0,0,0,0,0,0,0,0,0,0,0,0,0,0,0,0,0,0,0,0,0,0,0,0,0,0,0,0,0,0,0,0,0,0,0,0,0,0,0,0
0,0,0,0,0,0,0,0,0,0,0,0,0,0,0,0,32,64,32,32,0,2080,8192,8192,12288,16384,16384,22529,30723,39047,47371,53644,30752,49509,59849,51427,45152,51329,61636,59490,53248,59490,59490,53248,53248,59490,59490,51232,53312,57474,59555,49250,38912,30720,28672,30753,16384,14336,14337,16452,16487,12325,4099,2,134,100,100,197,10701,4458,64,64,32,12514,4128,24934,29030,8224,18625,6144,2048,4162,29134,6243,0,6243,6243,0,0,0,0,0,0,0,0,0,0,0,0,0,0,0,0,0,0,0,0,0,0,0,0,0,0,0,0,0,0,0,0,0,0,0,0,0,0,0,0,0,0,0,0,0,0,0,0,0,0,0,0,0,0,0,0,0,0,0,0,0,0,0,0,0,0,0,0,0,0,0,0,0
0,0,0,0,0,0,0,0,0,0,0,0,0,0,0,32,32,64,32,32,0,4128,8192,10240,18433,20481,24578,32902,39047,36966,45257,53579,53508,2568,8746,61763,63681,12614,18759,18661,12418,20709,20709,14466,14466,20709,18661,12419,8355,12552,16714,4293,51200,40960,38912,43107,22528,18432,18434,18435,14373,10244,4099,2,167,131,131,99,66,32,32,20838,6144,8192,12288,14336,14336,16384,20480,14336,26920,6243,0,0,10405,0,0,12486,0,0,0,0,0,0,0,0,0,0,0,0,0,0,0,0,0,0,0,0,0,0,0,0,0,0,0,0,0,0,0,0,0,0,0,0,0,0,0,0,0,0,0,0,0,0,0,0,0,0,0,0,0,0,0,0,0,0,0,0,0,0,0,0,0,0,0,0,0,0,0,0
0,0,0,0,0,0,0,0,0,0,0,0,0,0,0,32,32,64,32,32,0,4128,8192,10240,16384,20481,32902,47371,47338,32771,34818,45123,63813,2305,4320,4256,14529,26852,26754,22528,34915,41158,45254,39011,39011,45254,45254,34915,24709,28904,26921,14500,59392,47104,45056,45058,43076,32804,24580,14337,8194,6146,2050,2,34,165,2214,32,0,10370,10240,12288,20480,32832,50404,35802,19089,21070,36864,40992,8192,24972,4162,0,24972,8324,0,14567,0,0,0,0,0,0,0,0,0,0,0,0,0,0,0,0,0,0,0,0,0,0,0,0,0,0,0,0,0,0,0,0,0,0,0,0,0,0,0,0,0,0,0,0,0,0,0,0,0,0,0,0,0,0,0,0,0,0,0,0,0,0,0,0,0,0,0,0,0,0,0,0
0,0,0,0,0,0,0,0,0,0,0,0,0,0,0,32,32,64,32,32,2048,4128,8192,10240,16384,18432,39047,55695,49419,28673,26624,40960,12614,4224,10368,37285,49643,41186,34816,36864,47104,57409,57379,51200,53248,57409,59427,47104,36900,32870,28806,16418,2048,53248,49152,47105,53448,43174,26661,14337,8194,2050,2050,2083,6278,0,2048,20677,24774,16384,57872,65007,15024,39863,39637,47861,39663,23015,45743,37521,13211,0,6243,29134,0,0,27053,0,0,0,0,0,0,0,0,0,0,0,0,0,0,0,0,0,0,0,0,0,0,0,0,0,0,0,0,0,0,0,0,0,0,0,0,0,0,0,0,0,0,0,0,0,0,0,0,0,0,0,0,0,0,0,0,0,0,0,0,0,0,0,0,0,0,0,0,0,0,0,0,0
0,0,0,0,0,0,0,0,0,0,0,0,0,0,0,32,32,64,32,32,2048,4128,8192,10240,16384,18432,39047,55695,49419,30720,30720,53284,20838,16480,43398,25658,33820,59718,47104,61472,63488,8193,8194,2048,4096,8193,10242,61440,49188,41062,32837,26627,16387,6145,61441,53251,53383,45157,28742,18435,10243,2050,2052,2083,20747,10274,14371,12288,16384,30753,35806,55491,49082,38643,22726,39369,64211,64475,47560,39405,64243,26028,0,12486,0,0,22891,4162,0,0,0,0,0,0,0,0,0,0,0,0,0,0,0,0,0,0,0,0,0,0,0,0,0,0,0,0,0,0,0,0,0,0,0,0,0,0,0,0,0,0,0,0,0,0,0,0,0,0,0,0,0,0,0,0,0,0,0,0,0,0,0,0,0,0,0,0,0,0,0,0
0,0,0,0,0,0,0,0,0,0,0,0,0,0,0,0,32,32,0,0,2048,4128,10240,14336,22562,20480,39012,59724,57544,40960,45056,6307,16640,12448,56039,52900,50656,57793,34816,61600,0,12355,16387,10240,14336,20483,20481,6144,134,53350,45126,41029,34918,26790,12421,2147,49154,41026,32804,24643,16452,12355,4099,2,0,20775,8192,12288,9013,20340,30709,63679,62653,64443,55986,40359,22720,55788,64244,39372,6897,64245,23651,8192,16517,20745,2,10407,2,2,2,0,0,2048,2048,2048,0,0,0,0,0,0,0,0,0,0,0,0,0,0,0,0,0,0,0,0,0,0,0,0,0,0,0,0,0,0,0,0,0,0,0,0,0,0,0,0,0,0,0,0,0,0,0,0,0,0,0,0,0,0,0,0,0,0,0,0,0,0,0,0
0,0,0,0,0,0,0,0,0,0,0,0,0,0,0,0,2048,2048,2048,2048,2048,2048,10241,16384,30821,34850,55528,16845,18760,4096,12288,28961,17848,62764,18036,5581,54371,3272,15532,21551,61760,4258,14503,24745,28873,24709,24739,24774,16583,53248,63587,63720,32768,30753,35113,63488,53248,43072,36930,28769,20544,10272,2048,32,224,160,96,18784,57062,62180,4802,12960,12797,6395,31399,12542,54262,62394,40626,46838,47863,22989,23187,64877,16384,8194,10344,37,5,5,36,2,2048,6144,8192,6144,2048,0,0,0,0,0,0,0,0,0,0,0,0,0,0,0,0,0,0,0,0,0,0,0,0,0,0,0,0,0,0,0,0,0,0,0,0,0,0,0,0,0,0,0,0,0,0,0,0,0,0,0,0,0,0,0,0,0,0,0,0,0,0,0
0,0,0,0,0,0,0,0,0,0,0,0,0,0,0,0,2048,6144,6144,2048,2048,4097,12290,16384,24578,28672,47104,6307,16449,12288,28704,53734,40673,20117,30616,20209,62852,15914,32406,46682,16107,19947,26029,36273,36206,13281,37258,8192,4096,57344,0,131,51234,41025,22592,61440,49152,38912,34816,22528,20480,12320,8192,32,96,160,27239,38501,12398,37105,16097,64853,20060,19933,44906,24036,55417,55422,37783,54237,62363,48882,15591,31383,31714,16386,6148,5,7,37,36,2,2048,6144,8192,8192,2048,0,0,0,0,0,0,0,0,0,0,0,0,0,0,0,0,0,0,0,0,0,0,0,0,0,0,0,0,0,0,0,0,0,0,0,0,0,0,0,0,0,0,0,0,0,0,0,0,0,0,0,0,0,0,0,0,0,0,0,0,0,0,0
0,0,0,0,0,0,0,0,0,0,0,0,0,0,0,0,4128,4128,4097,2048,4097,6178,14371,18433,30821,32768,43008,63520,16449,26656,53576,13137,59108,44732,48988,55229,40660,44789,1954,1763,20206,28273,38453,50808,61180,61178,50802,40363,35179,33165,12421,61505,61639,45187,20480,14368,57344,49152,40960,30752,24608,18464,10272,4128,32,2080,58160,18485,56799,60763,60630,56399,22973,35393,64498,7288,44784,57339,45782,62624,22952,13537,15591,39901,5747,12288,6148,10442,5,37,36,2,0,6144,8192,8192,2048,0,0,0,0,0,0,0,0,0,0,0,0,0,0,0,0,0,0,0,0,0,0,0,0,0,0,0,0,0,0,0,0,0,0,0,0,0,0,0,0,0,0,0,0,0,0,0,0,0,0,0,0,0,0,0,0,0,0,0,0,0,0,0
0,0,0,0,0,0,0,0,0,0,0,0,0,0,0,0,4160,4160,2081,2081,6178,6178,12355,20514,34983,36864,47104,63488,16384,28736,55657,17136,33877,25580,25676,56953,63226,61115,14246,62975,64868,24112,42617,34228,23725,21672,27946,32106,25832,17573,24907,47104,55298,38912,20480,37192,16581,2308,55493,41122,32833,20480,12320,10240,24705,14336,61995,28596,6628,23012,47979,56139,18682,22779,39365,51917,7292,7393,28141,36464,20676,20902,4291,45216,16120,12288,2050,20847,5,37,36,2,0,6144,8192,8192,2048,0,0,0,0,0,0,0,0,0,0,0,0,0,0,0,0,0,0,0,0,0,0,0,0,0,0,0,0,0,0,0,0,0,0,0,0,0,0,0,0,0,0,0,0,0,0,0,0,0,0,0,0,0,0,0,0,0,0,0,0,0,0,0
0,0,0,0,0,0,0,0,0,0,0,0,0,0,0,0,4160,2144,65,65,4162,6178,12355,20514,28740,34816,43008,57344,8192,20480,38944,57571,4386,61568,49152,37803,1464,9886,51380,26413,14828,43868,7404,7406,64487,43737,14568,55097,46707,38383,37393,53248,49152,32768,22528,43402,22759,10469,61638,45186,34849,24608,18464,18432,41158,26624,12848,55357,63612,59382,65459,61229,10229,6067,12278,43497,56051,60248,47864,52087,19815,11620,20076,20209,55755,22595,2050,2118,5,37,36,2,0,6144,8192,8192,2048,0,0,0,0,0,0,0,0,0,0,0,0,0,0,0,0,0,0,0,0,0,0,0,0,0,0,0,0,0,0,0,0,0,0,0,0,0,0,0,0,0,0,0,0,0,0,0,0,0,0,0,0,0,0,0,0,0,0,0,0,0,0,0
0,0,0,0,0,0,0,0,0,0,0,0,0,0,0,0,64,64,65,32,2081,4162,8259,14369,32804,40961,51200,2048,14336,24576,36864,49152,8322,4096,47104,47851,17853,38698,48083,35667,48255,56552,3440,20089,36735,28408,48091,59390,46707,44529,9249,29134,4296,47104,36864,47401,12288,32,51200,40960,34816,28672,24641,26657,49286,34816,14668,51066,48949,57140,50795,46568,52843,54892,61167,43594,51922,3069,52056,64606,56280,56409,24173,11886,15191,20514,2050,4,5,37,36,2,2,6144,8192,8192,2048,0,0,0,0,0,0,0,0,0,0,0,0,0,0,0,0,0,0,0,0,0,0,0,0,0,0,0,0,0,0,0,0,0,0,0,0,0,0,0,0,0,0,0,0,0,0,0,0,0,0,0,0,0,0,0,0,0,0,0,0,0,0,0
0,0,0,0,0,0,0,0,0,0,0,0,0,0,0,0,32,32,32,32,32,2081,6178,12288,32804,43042,59394,6176,24643,41090,47235,57409,14436,32967,14336,19548,42536,48942,7521,7656,21399,29664,29668,21472,13211,63920,11889,31443,50935,48691,44594,11364,20879,59460,55431,45254,14336,2048,55296,43008,36864,30720,28738,34915,43012,49152,6346,30258,32302,61305,57140,10298,65396,61300,48814,14591,48947,51063,32368,57339,43857,27371,48252,23410,59982,12288,2048,2118,5,5,4,2,2,6144,8192,6144,2048,0,0,0,0,0,0,0,0,0,0,0,0,0,0,0,0,0,0,0,0,0,0,0,0,0,0,0,0,0,0,0,0,0,0,0,0,0,0,0,0,0,0,0,0,0,0,0,0,0,0,0,0,0,0,0,0,0,0,0,0,0,0,0
0,0,0,0,0,0,0,0,0,0,0,0,0,0,0,0,32,32,32,32,32,0,4097,12288,22528,34816,51200,63488,18432,41090,51397,59490,61440,37099,37064,46505,46634,26020,52216,48352,31904,16383,56026,47863,14531,38313,55689,20081,59324,48756,55031,21801,10376,47104,55398,36865,28708,16418,3,51200,40960,32768,30753,34850,30720,57384,18899,44860,44791,2111,42674,61433,50930,53107,36459,63547,11619,13670,3364,45048,47157,20070,36853,18226,47560,20544,8259,2,4,5,4,2,2050,2048,6144,6144,2048,0,0,0,0,0,0,0,0,0,0,0,0,0,0,0,0,0,0,0,0,0,0,0,0,0,0,0,0,0,0,0,0,0,0,0,0,0,0,0,0,0,0,0,0,0,0,0,0,0,0,0,0,0,0,0,0,0,0,0,0,0,0,0
0,0,0,0,0,0,0,0,0,0,0,0,0,0,0,0,0,32,32,32,0,2081,4097,10240,41128,28672,36864,61440,12288,37026,51430,45056,61440,26793,39180,23714,4023,11487,11750,31898,40620,65000,65268,65266,31215,40429,29857,48353,63584,38383,34221,36336,61441,51200,49155,34816,36999,18466,4099,61475,47139,34816,26624,34915,32769,28672,63823,3438,59588,26225,55422,30384,51128,15847,11685,15847,58557,60638,28466,55550,43124,47220,9895,24565,30910,16480,6144,2083,4,4,4,2,2050,2048,6144,6144,2048,0,0,0,0,0,0,0,0,0,0,0,0,0,0,0,0,0,0,0,0,0,0,0,0,0,0,0,0,0,0,0,0,0,0,0,0,0,0,0,0,0,0,0,0,0,0,0,0,0,0,0,0,0,0,0,4162,2081,2081,0,0,2081,2081,4162
0,0,0,0,0,0,0,0,0,0,0,0,0,0,0,0,2080,2080,0,0,0,2048,6144,12288,37064,30720,47104,2112,14336,32897,47268,40960,4135,63488,28873,50737,22722,64506,60770,15254,30381,65000,65269,65268,31476,40687,23773,44256,63553,38449,32174,36401,69,59427,57381,38912,38982,20482,6147,61475,51203,34816,26624,30821,32904,34985,8890,46313,26490,13937,55523,20143,1382,50333,48252,7654,38901,63809,35797,7780,60892,48371,6885,6891,30975,8192,6144,2048,4,4,4,4,2050,2048,6144,2048,2048,0,0,0,0,0,0,0,0,0,0,0,0,0,0,0,0,0,0,0,0,0,0,0,0,0,0,0,0,0,0,0,0,0,0,0,0,0,0,0,0,0,0,0,0,0,0,0,0,0,0,0,0,0,0,0,0,0,0,0,0,0,2081,4162
0,0,0,0,0,0,0,0,0,0,0,0,0,0,0,0,2048,2048,2048,2048,2048,2048,6144,12288,32902,32768,53314,6307,10240,24672,45252,38912,4266,53248,35215,40365,65400,64636,28531,23771,32431,64998,65267,65267,39896,40625,13301,48352,51131,36401,28077,26094,2150,59427,51202,36864,38982,18433,4098,59394,49154,34816,28672,28805,18435,35181,4924,13246,44396,38118,18297,37984,55620,19184,23280,31571,56574,15978,15016,40948,39155,5856,31987,7115,27899,14400,14434,6178,4,4,4,4,2050,2048,6144,2048,2048,0,0,0,0,0,0,0,0,0,0,0,0,0,0,0,0,0,0,0,0,0,0,0,0,0,0,0,0,0,0,0,0,0,0,0,0,0,0,0,0,0,0,0,0,0,0,0,0,0,0,0,0,0,0,0,0,0,0,0,0,0,2081,2081
0,0,0,0,0,0,0,0,0,0,0,0,0,0,0,2048,6144,8192,8192,6144,8193,10274,14371,18433,26659,26624,49250,2210,4096,22656,51626,59754,51236,8428,19689,36268,46703,11488,45309,45478,32431,48380,56807,56807,39668,55023,14992,11754,38645,36532,26159,21997,2150,59427,49153,47107,36901,16384,4098,59394,45058,34816,28672,26757,6144,10407,47800,64380,19557,760,44394,15160,65069,2506,23378,48219,40819,55419,37550,55479,32747,63163,55007,46591,36223,6144,6144,2048,2,4,4,4,2050,2048,6144,2048,0,0,0,0,0,0,0,0,0,0,0,0,0,0,0,0,0,0,0,0,0,0,0,0,0,0,0,0,0,0,0,0,0,0,0,0,0,0,0,0,0,0,0,0,0,0,0,0,0,0,0,0,0,0,0,0,4162,2081,0,0,0,0,0,0
0,0,0,0,0,0,0,0,0,0,0,0,0,0,0,2048,8192,12288,12288,10241,12290,12290,14371,20481,26659,26624,51331,4291,2112,33125,820,15191,38913,16817,51001,55029,54962,47857,3429,48484,29161,14061,30710,30646,38574,64207,32369,64476,30321,42872,26224,9576,63589,57379,49155,300,34820,14336,2049,57345,45058,28672,24576,26757,4164,2,22893,52025,13411,49746,48558,52587,36861,2537,63682,27212,24039,64504,59187,44846,60922,52825,28915,62115,11218,6144,12352,2048,2,4,4,4,2050,2048,2048,2048,0,0,0,0,0,0,0,0,0,0,0,0,0,0,0,0,0,0,0,0,0,0,0,0,0,0,0,0,0,0,0,0,0,0,0,0,0,0,0,0,0,0,0,0,0,0,0,0,0,0,0,0,0,0,0,0,14567,12486,8324,4162,0,0,0,0
0,0,0,0,0,0,0,0,0,0,0,0,0,0,0,2048,20514,22562,22532,18435,18435,14371,16386,18432,30821,30720,51364,4389,8419,35337,7128,17403,59756,55300,62431,15393,42411,59187,27244,52710,6267,37877,39897,54169,15293,55461,23783,23652,15722,24241,54368,37654,43008,47104,38912,55529,32771,12288,0,57345,45058,28672,24576,22693,14569,36,2,24974,56124,41424,63095,22460,15988,36665,36532,61436,51924,47597,1779,44650,6782,19561,61153,20722,3057,14464,20675,6178,2,4,4,4,2050,2050,2048,2048,0,0,0,0,0,0,0,0,0,0,0,0,0,0,0,0,0,0,0,0,0,0,0,0,0,0,0,0,0,0,0,0,0,0,0,0,0,0,0,0,0,0,0,0,0,0,0,0,0,0,0,0,0,0,0,0,16648,14567,10405,6243,2081,0,0,0
0,0,0,0,0,0,0,0,0,0,0,0,0,0,0,6144,18432,26625,24580,24613,24678,26759,28840,30886,32902,28672,49348,4422,6371,25030,51920,55886,63918,38912,10341,20547,27744,38247,63548,44156,7128,28268,20076,19815,65006,39670,1588,20349,17770,5545,12845,57506,28672,51234,34816,43043,30722,10240,63488,53249,40961,26624,22560,20677,6278,36,4,4164,35314,35181,56819,62961,36734,55231,59325,57013,54833,58862,5679,1842,27495,44500,40406,32118,39362,6144,6144,2048,2,4,4,4,2,2,2048,2048,0,0,0,0,0,0,0,0,0,0,0,0,0,0,0,0,0,0,0,0,0,0,0,0,0,0,0,0,0,0,0,0,0,0,0,0,0,0,0,0,0,0,0,0,0,0,0,0,0,0,0,0,0,0,0,0,10405,8324,6243,4162,2081,2081,2081,2081
0,0,0,0,0,0,0,0,0,0,0,0,0,0,0,6144,14336,20480,16384,22532,28840,37162,43407,49615,26657,24576,45186,61734,129,10500,24934,20544,38946,53248,24908,10240,44394,52846,26024,20077,40161,56944,44523,31842,64872,31182,44200,1588,40561,15785,2275,47104,36864,8589,40962,41092,24578,2048,55296,49154,34849,22528,20544,16613,100,135,12523,10342,41426,43407,42282,13079,5676,5609,28400,46966,53043,65334,5945,42541,19306,40441,3017,43618,14523,8224,6208,6243,2,4,4,2,2,0,0,0,0,0,0,0,0,0,0,0,0,0,0,0,0,0,0,0,0,0,0,0,0,0,0,0,0,0,0,0,0,0,0,0,0,0,0,0,0,0,0,0,0,0,0,0,0,0,0,0,0,0,0,0,0,0,0,0,2081,2081,0,0,0,2081,4162,6243
0,0,0,0,0,0,0,0,0,0,0,0,0,0,0,2048,18433,20481,20481,18433,18433,18464,20481,20480,24576,32768,53445,2345,63652,61440,6244,35113,40960,61441,4162,63488,2048,24937,11427,53179,13738,24112,22129,26225,46839,52918,17443,30952,22691,14432,4128,59392,55296,45056,32768,20480,18597,63521,45056,30720,18432,8192,6144,6308,98,98,2116,6146,664,22528,3696,34077,44641,25974,32315,2091,8108,54691,11693,47170,39139,23776,26948,34217,64476,0,2,8457,36,36,34,32,32,32,32,32,0,0,0,0,0,0,0,0,0,0,0,0,0,0,0,0,0,0,0,0,0,0,0,0,0,0,0,0,0,0,0,0,0,0,0,0,0,0,0,0,0,0,0,0,0,0,0,0,0,0,4162,14567,14567,6243,2081,6243,0,0,0,2081,4162,2081,0,0
0,0,0,0,0,0,0,0,0,0,0,0,0,0,0,2048,12288,16384,16384,16384,16384,16384,18432,18432,26624,26624,38912,51331,61573,61475,2149,24742,49218,2179,10405,6243,2081,18729,54106,17704,51960,21801,40498,21735,58137,41489,28938,12288,10240,8192,4096,0,57408,43072,26624,12288,51200,47104,47269,45386,37162,22758,10340,131,359,4456,10405,12288,22528,26624,23510,36219,28151,3405,1485,30493,42789,42533,63023,24511,30915,46572,14400,46707,10340,2,35412,36,36,66,64,64,64,64,32,32,0,0,0,0,0,0,0,0,0,0,0,0,0,0,0,0,0,0,0,0,0,0,0,0,0,0,0,0,0,0,0,0,0,0,0,0,0,0,0,0,0,0,0,0,0,0,0,0,0,0,6243,16648,16648,6243,0,0,0,0,2081,4162,4162,2081,0,0
0,0,0,0,0,0,0,0,0,0,0,0,0,0,0,2048,10240,10240,10240,10240,10240,10240,14336,16384,32931,24576,26624,36864,51233,53249,57345,10240,45056,59392,2081,2081,63488,2081,14502,24907,2048,41489,925,47667,16452,6144,12289,14371,63488,61440,61440,59424,51297,39009,20512,4096,66,55395,38945,16384,12288,6144,2050,32,64,64,43568,16384,38916,30720,25526,11214,48895,32441,22197,28412,38627,44647,56878,3699,51529,58927,62099,12288,20612,2048,0,35,2,34,32,32,32,32,32,32,0,0,0,0,0,0,0,0,0,0,0,0,0,0,0,0,0,0,0,0,0,0,0,0,0,0,0,0,0,0,0,0,0,0,0,0,0,0,0,0,0,0,0,0,0,0,0,0,0,0,6243,18729,18729,6243,0,0,4162,6243,6243,6243,4162,2081,0,0
0,0,0,0,0,0,0,0,0,0,0,0,0,0,0,2048,6144,8192,8192,6144,8192,8192,8192,12288,35045,26688,26624,32768,38912,38912,45056,0,38912,51200,55296,57344,59392,61440,59392,59392,51200,2048,8194,8192,12290,20549,20550,10274,63488,53248,51200,47136,41025,30818,14368,2048,59394,47139,30720,18432,18435,22760,22828,16648,16611,6144,14336,34850,30720,20147,50431,3881,38490,38684,38780,34655,42789,55022,58993,58862,16051,61832,32800,20480,14336,47597,22758,2048,0,2,32,32,32,32,32,32,0,0,0,0,0,0,0,0,0,0,0,0,0,0,0,0,0,0,0,0,0,0,0,0,0,0,0,0,0,0,0,0,0,0,0,0,0,0,0,0,0,0,0,0,0,0,0,0,0,0,4162,16648,16648,6243,2081,4162,8324,8324,8324,6243,4162,2081,0,0
0,0,0,0,0,0,0,0,0,0,0,0,0,0,0,2048,6144,6144,6144,2048,6144,6144,6144,6144,18561,20544,24608,28672,28672,28672,43008,10406,39011,47104,49152,55328,134,4294,2150,2082,4133,2049,63488,61440,8195,16421,12292,55296,167,47268,38946,28672,20481,16418,6178,63523,43008,38912,39012,41226,35083,16452,6146,6144,16384,24576,43105,55524,15853,3430,27506,22510,62341,13647,30360,28379,38562,52973,59058,60911,51391,32495,53503,45179,30779,54699,16384,10240,6144,2048,0,0,0,0,0,0,0,0,0,0,0,0,0,0,0,0,0,0,0,0,0,0,0,0,0,0,0,0,0,0,0,0,0,0,0,0,0,0,0,0,0,0,0,0,0,0,0,0,0,0,0,0,0,0,4162,0,0,8324,10405,8324,12486,18729,10405,10405,8324,4162,2081,2081,0,0
0,0,0,0,0,0,0,0,0,0,0,0,0,0,0,0,2048,2048,2048,2048,2048,0,2048,2048,6144,8192,20480,26688,26624,28672,49283,20941,18432,28672,30720,38912,53380,61704,61639,63622,55297,57346,3,63490,63489,61440,2049,59396,55596,39144,22563,12288,4096,4097,63523,55332,53382,38914,34852,32902,12288,8192,10243,53810,23507,31666,39828,37783,24045,11623,2533,51644,34165,34326,30295,28218,28126,36325,42410,46310,32495,40681,39662,49142,7590,48289,14135,14336,8192,6144,2048,0,0,0,0,0,0,0,0,0,0,0,0,0,0,0,0,0,0,0,0,0,0,0,0,0,0,0,0,0,0,0,0,0,0,0,0,0,0,0,0,0,0,0,0,0,0,0,0,0,0,0,0,0,6243,0,0,2081,6243,6243,12486,22891,8324,6243,4162,2081,0,0,0,2081
0,0,0,0,0,0,0,0,0,0,0,0,0,0,0,0,2081,2081,2081,2081,2080,64,2080,2080,2048,6144,8192,18464,22528,28672,41092,4424,61440,4096,8192,20480,32834,36996,41092,41027,30720,34816,47106,53317,57381,59397,59397,55433,30887,16518,6178,63488,59393,57347,51202,43010,45124,24576,26625,32904,16386,26857,3967,3829,54459,45807,38574,62428,7330,11623,32626,44282,60128,18669,42652,19829,19704,17596,21600,27581,59445,47846,48876,7354,37616,37878,21430,53741,12288,8192,2048,2048,0,0,0,0,0,0,0,0,0,0,0,0,0,0,0,0,0,0,0,0,0,0,0,0,0,0,0,0,0,0,0,0,0,0,0,0,0,0,0,0,0,0,0,0,0,0,0,0,0,0,0,0,6243,0,0,2081,2081,0,2081,10405,4162,2081,0,0,0,0,2081,2081
0,0,0,0,0,0,0,0,0,0,0,0,0,0,0,0,2081,2081,2081,65,65,64,64,64,10433,2048,6144,12320,22560,24608,28672,41024,53248,59392,4096,12448,20709,26852,24773,22625,37129,26656,22528,39011,57677,57675,41029,20480,6148,59394,57347,53251,53284,51204,43010,36864,30722,20480,32904,39180,12288,12288,61177,39139,4351,61300,14591,29164,46039,3428,24303,27599,52731,39351,34165,5131,9266,13401,17438,29692,61428,43519,23801,14586,15776,54459,7852,51560,14336,8192,6144,2048,0,0,0,0,0,0,0,0,0,0,0,0,0,0,0,0,0,0,0,0,0,0,0,0,0,0,0,0,0,0,0,0,0,0,0,0,0,0,0,0,0,0,0,0,0,0,0,0,0,0,0,0,4162,0,0,2081,0,0,0,0,2081,0,0,0,0,0,2081,4162
0,0,0,0,0,0,0,0,0,0,0,0,0,0,0,0,2,2,2,32,32,32,64,32,32,0,6208,12352,20544,22560,20480,24576,47232,49280,53312,55360,55360,59424,59424,61472,14598,8256,20743,26952,16418,18465,20547,0,59396,55463,59626,53383,38913,32768,34818,36933,20480,16384,51631,14336,35081,26724,37290,39139,32233,19578,32232,22889,27248,39801,64868,40055,19404,64097,43450,6985,16372,27805,5943,5678,47850,27892,52967,45769,15806,20074,44124,58794,16384,12288,8192,2048,0,0,2,2,0,0,0,0,0,0,0,0,0,0,0,0,0,0,0,0,0,0,0,0,0,0,0,0,0,6243,14567,0,0,0,12486,0,2081,24972,29134,6243,0,4162,8324,0,0,0,0,0,0,0,0,0,0,0,0,0,0,0,0,0,0,0,0,0,0,0,0,0
0,0,0,0,0,0,0,0,0,0,0,0,0,0,0,0,2,2,2,2,32,32,32,64,32,32,4128,10272,12320,16384,16384,16384,37024,39040,43104,43136,45152,45152,47168,47168,63717,57440,2278,10534,63586,64,2147,51200,45059,47238,53418,47240,36867,26624,30722,34885,16384,26659,22562,20481,57972,2935,22723,28667,44783,36196,64474,38578,20017,26423,31704,23540,51582,55741,63999,27728,47456,3758,30786,24372,3155,48735,56041,13463,48046,20073,48350,60908,16384,12288,6144,2048,0,32,2,2,0,0,0,0,0,0,0,0,0,0,0,0,0,0,0,0,0,0,0,0,0,0,0,0,18729,0,0,4162,20810,4162,0,8324,31215,47863,45782,18729,0,2081,0,0,0,0,0,0,0,0,0,0,0,0,0,0,0,0,0,0,0,0,0,0,0,0,0,0
0,0,0,0,0,0,0,0,0,0,0,0,0,0,0,0,2050,2,2,2,2,32,32,32,32,32,4128,8192,10240,8192,12288,14336,30848,34944,34912,34944,36960,36960,36960,41024,49348,40992,51364,57637,45121,45152,51331,36864,36867,39014,47242,39014,30722,26625,30723,30821,16384,28803,14336,35046,54896,12282,47531,55751,32234,40297,18791,1255,42018,46311,27613,40160,12010,20203,11876,11878,44119,27476,3566,3432,64434,53958,46758,15806,39629,36853,51424,26688,14336,8192,2048,0,0,32,32,32,0,0,0,0,0,0,0,0,0,0,0,0,0,0,0,0,0,0,0,0,0,0,0,0,4162,10405,0,0,20810,0,0,12486,8324,24972,24972,8324,0,2081,4162,0,0,0,0,0,0,0,0,0,0,0,0,0,0,0,0,0,0,0,0,0,0,0,0,0
0,0,0,0,0,0,0,0,0,0,0,0,0,0,0,0,2050,2050,2050,2,2,2,32,32,2144,4160,4128,4128,8192,8192,12288,14336,26688,30752,30752,30752,30752,30752,32800,32800,41122,30720,41122,47365,34880,36960,43203,30720,28673,32773,36903,34822,28674,26625,26659,30819,16384,32965,14336,16384,22624,65265,3955,65131,7394,36333,57279,1388,44265,38185,19421,31871,56675,11879,15845,11617,11618,36725,15027,31477,64694,47782,15836,54160,62719,14989,9969,30913,8192,6144,0,32,32,32,32,32,32,0,0,0,0,0,0,0,0,0,0,0,0,0,0,0,0,0,0,0,0,0,0,0,12486,55162,42676,10405,0,0,0,2081,0,0,0,0,0,2081,8324,4162,0,0,0,0,0,0,0,0,0,0,0,0,0,0,0,0,0,0,0,0,0,0,0,0
0,0,0,0,0,0,0,0,0,0,0,0,0,0,0,2048,6146,6148,6148,2052,2,2,32,32,8324,6243,6208,6208,10240,10240,12288,14336,30720,34816,34816,34816,34816,30720,34816,30720,41092,30720,39076,43238,32833,36995,45319,32834,28673,30724,32773,32773,28674,28674,26657,28738,14336,22560,20576,12288,15450,3953,20733,20470,15719,48885,40829,62961,44465,32045,39374,47596,65000,36724,6396,4218,20900,47861,48124,45979,64694,7351,13789,31466,54462,28662,26688,12288,6144,0,32,32,32,32,32,32,32,0,0,0,0,0,0,0,0,0,0,0,0,0,0,0,0,0,0,0,0,0,0,0,58268,60413,43732,31215,0,6243,4162,0,0,6243,8324,2081,0,0,2081,0,0,0,0,0,0,0,0,0,0,0,0,0,0,0,0,0,0,0,0,0,0,0,0,0
0,0,0,0,0,0,0,0,0,0,0,0,0,0,0,2048,6148,8196,8196,6148,2050,2,0,32,8324,6243,6208,8192,10240,10240,16384,20480,36864,38912,38912,38912,38912,36864,36864,34816,43107,28672,39011,41157,30752,36995,47400,36996,30722,32773,32773,32771,30723,30753,26657,26688,18432,16384,45543,26816,48744,8178,53963,55684,28271,36471,28477,52657,44598,46778,14535,43372,3564,32498,65529,61301,22918,45715,14763,20941,49139,61687,45171,45176,46301,37089,49612,41452,2048,32,32,32,32,32,64,32,32,0,0,0,0,0,0,0,0,0,0,0,0,0,0,0,0,0,0,0,0,0,0,0,37458,36401,17704,10405,0,6243,4162,6243,6243,6243,6243,2081,2081,2081,0,0,0,0,0,0,0,0,0,0,0,0,0,0,0,0,0,0,0,0,0,0,0,0,0,0
0,0,0,0,0,0,0,0,0,0,0,0,0,0,0,2048,8196,8196,8196,6148,2050,2,2,2,4162,2081,2048,6144,8192,10240,16384,26625,45057,51201,51201,47105,47105,45057,45057,40961,45059,32768,38914,41093,30720,39012,49417,39012,36933,38918,32771,32771,32804,32834,26657,26688,41318,24672,39300,30976,3025,28029,4081,61034,3304,7533,22335,50678,46781,10477,6246,60153,7793,32369,65530,12283,7162,32235,54235,15591,23177,6624,40949,47356,55750,16374,62163,6144,0,32,32,64,64,64,64,64,32,0,0,0,0,0,0,0,0,0,0,0,0,0,0,0,0,0,0,0,0,0,0,0,0,0,0,0,0,0,2081,4162,0,0,0,0,0,2081,2081,4162,0,0,0,0,0,0,0,0,0,0,0,0,0,0,0,0,0,0,0,0,0,0,0,0
0,0,0,0,0,0,0,0,0,0,0,0,0,0,0,2048,6146,8194,8196,6146,2050,2050,2,0,0,2048,6144,8192,12288,14336,20480,28672,45057,47105,47105,47105,47105,45057,45057,40961,43010,28672,36865,39012,26624,30819,41224,36996,39014,40997,38914,34850,34850,32833,30752,24608,24608,16384,20512,55881,7122,12276,56039,53701,40033,44132,22499,48758,48891,22894,55031,60017,7661,28140,8185,22653,7095,5014,40429,40690,63874,63877,14988,6862,65133,48617,44588,6208,0,32,64,64,64,64,64,32,2048,2048,2048,2048,0,0,0,0,0,0,0,0,0,0,0,0,0,0,0,0,0,0,0,0,0,0,10405,12486,0,0,4162,0,4162,0,0,0,2081,0,0,0,0,0,0,0,0,0,0,0,0,0,0,0,0,0,0,0,0,0,0,0,0,0,0,0
0,0,0,0,0,0,0,0,0,0,0,0,0,0,0,0,2048,2048,2050,2048,0,0,0,0,2048,8192,16384,20480,24576,30753,32769,32769,32769,32769,36865,36865,36865,38913,38913,36865,59724,63984,41158,18432,58002,33161,19618,41452,32768,38912,38912,36864,36864,32800,32800,32800,36960,22528,41155,3758,65132,52710,3824,61038,51921,43727,26982,10366,31077,64240,2668,51326,3197,4088,5108,29887,23803,15351,21497,13565,63875,29689,21431,53930,52844,14460,39400,2048,32,32,4192,2112,2048,8288,12448,6144,8192,12288,8192,10272,2048,10405,2,4197,2,32,32,0,32,2048,2048,2048,0,0,0,0,0,0,0,0,0,0,0,0,0,0,0,0,0,0,0,0,0,0,0,0,0,0,0,0,0,0,0,0,0,0,0,0,0,0,0,0,0,0,0,0,0,0,0,0
0,0,0,0,0,0,0,0,0,0,0,0,0,0,0,0,2048,2048,0,0,0,0,0,0,6144,10240,16384,22528,28672,32769,38912,36864,30753,26657,30753,30753,32769,32769,36865,36865,36931,43239,22528,12288,49809,41583,21862,56083,32800,38912,38912,38912,36864,36864,36864,36864,28672,22528,28672,56745,60906,56810,20343,8053,10300,14462,8186,10102,43201,23378,43992,39759,28133,29121,46566,31200,47812,14517,23737,31205,31604,39105,19318,28667,4850,56012,56016,6144,2048,8352,32,2048,16610,2048,6144,26884,20544,18464,20514,14434,20679,0,2,10440,2,2,32,32,2048,2048,6144,2048,2048,0,0,0,0,0,0,0,0,0,0,0,0,0,0,0,0,0,0,0,0,0,0,0,0,0,0,0,0,0,0,0,0,0,0,0,0,0,0,0,0,0,0,0,0,0,0,0
0,0,0,0,0,0,0,0,0,0,0,0,0,0,0,0,2048,2048,0,0,0,0,0,0,8192,10240,18464,24576,30753,32769,38912,34816,30752,30752,30752,32768,36864,36864,36864,36864,49416,49481,26688,12288,43532,41582,5180,43532,32800,40960,38912,38912,38912,38912,36864,36864,45284,28672,41155,3696,16246,24571,55948,61836,65005,5549,64742,48092,56253,21992,32429,32231,57265,21984,48045,29381,48080,5534,7841,5599,14728,39866,38844,37852,31739,46503,45512,53938,31080,10433,32,32,2144,32,32,20775,12288,12288,33030,6144,6144,0,20812,2,2,2,32,32,2048,2048,6144,2048,2048,0,0,0,0,0,0,0,0,0,0,0,0,0,0,0,0,0,0,0,0,0,0,0,0,0,0,0,0,0,0,0,0,0,0,0,0,0,0,0,0,0,0,0,0,0,0,0
0,0,0,0,0,0,0,0,0,0,0,0,0,0,0,0,2048,2048,0,0,0,0,0,0,10272,12288,18464,24576,30753,32769,38912,34816,32768,32768,32768,32768,36864,36864,36864,36864,61902,55724,32931,20480,37289,51921,60245,39272,36864,40960,40960,38912,38912,38912,36864,32800,28672,20480,26624,46439,56811,3826,37090,39073,56228,7142,62369,54010,53912,64507,15584,15519,64503,39660,12768,55543,45301,24556,44279,6724,22986,63356,56190,44793,48127,22197,28799,16384,18531,2048,0,22954,32,131,4293,0,8192,12288,20544,6144,16513,4160,12486,2,2,2,32,32,2048,2048,6144,2048,2048,0,0,0,0,0,0,0,0,0,0,0,0,0,0,0,0,0,0,0,0,0,0,0,0,0,0,0,0,0,0,0,0,0,0,0,0,0,0,0,0,0,0,0,0,0,0,0
0,0,0,0,0,0,0,0,0,0,0,0,0,0,0,0,2048,2048,0,0,0,0,0,0,12353,14369,20544,26657,30753,32769,38912,36864,36864,36864,36864,36864,38912,38912,38912,36864,41122,34912,24608,24672,45545,17533,9209,754,36864,40960,40960,40960,38912,38912,36864,32768,28672,20480,20480,25696,15322,11225,36197,31711,15602,36085,36211,27885,23656,23783,23910,23908,32360,28262,11745,56666,48375,40150,31860,27502,12286,52719,27880,40432,40564,46043,7663,55725,18433,10272,4097,32,34,4295,14765,10470,26882,12288,22656,34216,45647,0,0,12551,2,2,2,32,2048,2048,6144,2048,2048,0,0,0,0,0,0,0,0,0,0,0,0,0,0,0,0,0,0,0,0,0,0,0,0,0,0,0,0,0,0,0,0,0,0,0,0,0,0,0,0,0,0,0,0,0,0,0
0,0,0,0,0,0,0,0,0,0,0,0,0,0,0,0,2048,2048,0,0,0,0,0,0,14434,16450,22625,26657,30753,32769,36864,36864,36864,36864,36864,36864,38912,38912,38912,36864,32800,24576,26624,35010,49642,40358,9143,2835,38912,45056,40960,40960,38912,36864,32768,30752,39076,28769,24640,2870,30915,8186,22753,12089,49126,61418,63433,59363,57184,55163,53111,49012,34411,63675,27369,39758,35696,35793,31600,39759,7031,40165,23550,48623,4093,30381,15982,59851,16384,49678,12353,2048,10405,0,2,12484,12288,12288,41381,25890,6144,32,0,2146,2,2,2,2,2050,2048,6144,2048,2048,0,0,0,0,0,0,0,0,0,0,0,0,0,0,0,0,0,0,0,0,0,0,0,0,0,0,0,0,0,0,0,0,0,0,0,0,0,0,0,0,0,0,0,0,0,0,0
0,0,0,0,0,0,0,0,0,0,0,0,0,0,0,0,2048,2048,0,0,0,0,0,0,14434,18531,22625,28738,32834,32769,36864,36864,38912,38912,38912,38912,38912,38912,36864,36864,39040,28704,32864,41251,45478,42405,53867,51658,36864,40960,40960,40960,38912,36864,32768,30752,16384,14336,12288,20641,27940,64407,17568,3002,64219,4861,17312,37990,58796,9838,26417,36722,42930,51122,44846,26149,17762,28137,53043,65462,36194,40289,12277,13303,47823,53238,6596,38839,15123,22528,14336,33030,43405,20612,16452,37290,16373,846,28896,14464,6144,4192,22889,32,2,4,4,4,2052,2050,6146,2050,2048,0,0,0,0,0,0,0,0,0,0,0,0,0,0,0,0,0,0,0,0,0,0,0,0,0,0,0,0,0,0,0,0,0,0,0,0,0,0,0,0,0,0,0,0,0,0,0
0,0,0,0,0,0,0,0,0,0,0,0,0,0,0,0,2048,2048,0,0,0,0,0,0,16515,18531,24706,28738,32834,32769,36864,36864,38912,38912,38912,38912,38912,36864,36864,32800,32800,22528,26688,43332,45478,50664,47624,47496,36864,38912,38912,38912,36864,32768,30752,26688,18432,14336,8192,18560,17568,58164,15585,7327,11496,5223,5220,17637,32167,46567,56871,3686,38963,34669,17826,5339,26086,6269,51924,15483,39329,29050,62444,5265,7417,44909,12931,55741,39094,27638,22528,41122,22528,1584,6900,6896,30969,59112,12288,6144,39433,32,6241,10470,4,4,4,4,2052,2052,6146,2050,2048,0,0,0,0,0,0,0,0,0,0,0,0,0,0,0,0,0,0,0,0,0,0,0,0,0,0,0,0,0,0,0,0,0,0,0,0,0,0,0,0,0,0,0,0,0,0,0
0,0,0,0,0,0,0,0,0,0,0,0,0,0,0,0,2048,2048,0,0,0,0,0,0,8192,12288,18464,24576,30753,34850,38912,38912,43008,45088,45121,45121,43105,41024,34880,30752,39074,18432,16384,15321,23645,25726,45480,45415,43173,28672,26624,36931,49417,45320,34915,28738,24641,20544,16480,12320,6144,6144,24935,50007,20019,32570,56483,54300,55350,63540,23866,27925,23664,42230,29613,31532,15779,63612,14661,23013,31361,53352,37760,29569,54412,48303,46256,45301,32687,5602,54427,48088,24237,40950,62689,48349,64104,18549,55946,6144,6144,10433,0,65,4,4,4,4,2052,2052,6146,2050,2048,0,0,0,0,0,0,0,0,0,0,0,0,0,0,0,0,0,0,0,0,0,0,0,0,0,0,0,0,0,0,0,0,0,0,0,0,0,0,0,0,0,0,0,0,0,0,0
0,0,0,0,0,0,0,0,0,0,0,0,0,0,0,0,2048,2048,0,0,0,0,0,0,6144,10240,16384,22528,28672,30720,36864,36864,45058,43040,38912,34816,32768,30720,30752,26688,37093,28832,28802,29856,27745,25726,49612,57903,49482,32769,24576,36996,47401,39143,28738,22560,22625,18464,14400,14400,6144,6144,12352,22889,69,36,64,1215,2301,42793,64591,21910,23858,48732,48634,48473,3620,18156,28466,47223,48366,56781,13048,23456,40106,23459,63991,44143,20199,16101,28393,15843,28266,24041,39535,35569,2633,46628,24736,6144,12384,2112,0,6308,2,4,4,4,2052,2050,6146,2050,2048,0,0,0,0,0,0,0,0,0,0,0,0,0,0,0,0,0,0,0,0,0,0,0,0,0,0,0,0,0,0,0,0,0,0,0,0,0,0,0,0,0,0,0,0,0,0,0
0,0,0,0,0,0,0,0,0,0,0,0,0,0,0,0,2048,2048,0,0,0,0,0,0,6144,8192,14336,20480,26624,28672,34816,34816,45123,43042,38913,34816,30720,34914,39143,41288,16384,20544,26787,23648,11195,7032,37192,49613,51629,37064,28740,37064,43307,35048,24643,16384,18433,14336,10240,14369,12288,8192,8192,8192,14373,8194,31017,52977,27006,40610,62474,62535,17809,40667,42748,38490,36380,32155,50856,31033,60089,36072,55923,53878,7038,7038,62203,36046,11940,26410,55415,49010,57269,1977,48686,2175,51455,55946,12288,10304,16544,32,0,8389,2,2,2,2,2050,2048,6144,2048,2048,0,0,0,0,0,0,0,0,0,0,0,0,0,0,0,0,0,0,0,0,0,0,0,0,0,0,0,0,0,0,0,0,0,0,0,0,0,0,0,0,0,0,0,0,0,0,0
0,0,0,0,0,0,0,0,0,0,0,0,0,0,0,0,2048,2048,0,0,0,0,0,0,6144,8192,14336,22528,28672,30720,36864,36864,36864,32768,34818,32769,36966,41224,47534,49678,12288,18594,24839,19617,11263,17438,47567,53810,49648,39243,33000,33000,37162,33000,22595,16384,20514,12288,8192,14369,18531,12288,12288,12288,16386,20482,49550,38180,59114,57125,36475,7434,24082,32406,26163,24052,34396,38559,14648,23927,15466,61275,47735,31087,47607,55931,53885,2756,54717,11877,47157,42930,55223,59254,23846,34415,58790,16416,12288,20706,12352,0,0,65,2,2,2,32,2048,2048,6144,2048,2048,0,0,0,0,0,0,0,0,0,0,0,0,0,0,0,0,0,0,0,0,0,0,0,0,0,0,0,0,0,0,0,0,0,0,0,0,0,0,0,0,0,0,0,0,0,0,0
0,0,0,0,0,0,0,0,0,0,0,0,0,0,0,0,2048,2048,0,0,0,0,0,0,8192,12288,18464,24576,30753,32769,38912,38913,28672,32769,32773,36966,37099,39243,39343,37325,33231,35342,35312,34219,34221,48689,11233,9182,41487,37325,33163,31082,33098,33098,24774,14369,33098,18531,14336,20514,24676,20514,18432,18434,20482,28676,2675,33953,42464,50913,52990,30192,42677,40596,28111,38453,4006,22706,2891,65257,55904,36183,8041,61155,3945,48736,15440,39200,20480,45312,40027,7722,47098,32498,20941,59555,57803,12288,12288,20675,6144,0,6243,2,2,2,32,32,2048,2048,6144,2048,2048,0,0,0,0,0,0,0,0,0,0,0,0,0,0,0,0,0,0,0,0,0,0,0,0,0,0,0,0,0,0,0,0,0,0,0,0,0,0,0,0,0,0,0,0,0,0,0
0,0,0,0,0,0,0,0,0,0,0,0,0,0,0,0,2048,2048,0,0,0,0,0,0,8192,12288,18464,26657,30753,34850,40961,38913,47240,47308,49454,51633,53747,47667,45651,41555,39539,39539,35377,25963,28012,50869,19557,11298,43666,43699,39537,33261,31180,35244,29001,18531,49746,33098,24676,24676,24643,18432,16384,16384,30856,39245,4952,48680,55014,32182,23886,42612,44625,48722,46512,65079,34862,55479,6497,35697,31604,65000,7918,3820,20472,61165,27869,32992,14336,18432,62063,38049,26554,32699,27450,4624,16384,12288,18464,10272,6144,0,6245,2,2,2,32,32,2048,2048,6144,2048,2048,0,0,0,0,0,0,0,0,0,0,0,0,0,0,0,0,0,0,0,0,0,0,0,0,0,0,0,0,0,0,0,0,0,0,0,0,0,0,0,0,0,0,0,0,0,0,0
0,0,0,0,0,0,0,0,0,0,0,0,0,0,0,0,2048,2048,0,0,0,0,0,0,6144,10240,16384,24576,28672,32769,38912,38913,53485,51472,53618,51668,55895,58074,58205,58270,45784,52060,47898,26030,19690,38451,15462,13477,56185,58331,54169,41618,35375,37423,33163,20677,43503,31017,26757,28805,26659,18432,16384,14336,0,10566,39697,62614,32414,26133,23949,59192,44427,1586,7537,19797,59113,16242,11952,5879,10440,19158,2543,59886,23516,6903,2806,20544,20544,12288,12288,12288,26757,35081,14336,14336,14336,16384,12288,6144,8193,4162,2,35,2,2,32,32,2048,2048,6144,2048,2048,0,0,0,0,0,0,0,0,0,0,0,0,0,0,0,0,0,0,0,0,0,0,0,0,0,0,0,0,0,0,0,0,0,0,0,0,0,0,0,0,0,0,0,0,0,0,0
0,0,0,0,0,0,0,0,0,0,0,0,0,0,0,0,0,0,0,0,0,0,2048,2048,6144,8192,16384,20480,26624,28672,28672,28672,26627,24582,26696,30923,39345,51864,62367,3107,5221,21869,19820,55164,34354,50937,32176,42611,3170,7330,1119,47926,41618,39537,33261,20677,22758,18531,22595,28805,26659,22528,20480,20480,12484,42803,44913,60533,19998,44900,28151,32180,44500,14047,17915,19770,61033,22325,18034,5683,18636,31354,6480,6642,23423,55795,55924,8192,8193,6144,12355,6144,10274,22695,8192,22597,14336,22625,8192,6144,14532,6243,0,12551,2,32,32,0,2048,2048,6144,6144,2048,0,0,0,0,0,0,0,0,0,0,0,0,0,0,0,0,0,0,0,0,0,0,0,0,0,0,0,0,0,0,0,0,0,0,0,0,0,0,0,0,0,0,0,0,0,0,0
0,0,0,0,0,0,0,0,0,0,0,0,0,0,0,32,32,64,64,64,2080,4128,6144,8192,12288,20481,28805,28740,24578,24578,34983,43372,45586,43570,33165,41555,7202,9315,62430,9380,46838,36401,48887,10469,18760,2145,2112,14567,44725,30190,7267,62430,56187,29134,16646,39504,47730,18531,16384,28738,28672,32769,45157,30720,42211,22653,51788,14525,30183,5306,3225,3225,40553,54889,1643,16045,36528,50867,61109,65272,57083,27091,59363,34555,63855,14204,5880,19683,8259,0,20812,2050,12325,12292,12290,12288,12288,12288,8192,6144,2048,0,0,32,32,32,0,0,2048,6144,8192,6144,2048,0,0,0,0,0,0,0,0,0,0,0,0,0,0,0,0,0,0,0,0,0,0,0,0,0,0,0,0,0,0,0,0,0,0,0,0,0,0,0,0,0,0,0,0,0,0,0
0,0,0,0,0,0,0,0,0,0,0,0,0,0,0,32,64,64,64,32,0,6144,8192,12288,14336,18432,26659,26659,20481,24643,35048,43405,37393,39539,33296,43701,3105,7267,11429,36401,6210,6243,18793,35441,35408,18793,10469,14534,63421,55097,38514,13542,60349,52025,41618,24970,35244,8192,12288,26657,26624,32769,45123,34816,14992,58724,47429,64209,35304,48947,9509,64672,44788,48882,63219,14068,34614,51064,59256,61241,46580,48826,57184,44926,5617,55791,46572,40429,0,12486,0,2050,8194,14339,24615,14336,18432,14336,10240,8192,6144,2048,0,32,32,32,0,2048,6144,6144,8192,6144,2048,0,0,0,0,0,0,0,0,0,0,0,0,0,0,0,0,0,0,0,0,0,0,0,0,0,0,0,0,0,0,0,0,0,0,0,0,0,0,0,0,0,0,0,0,0,0,0
0,0,0,0,0,0,0,0,0,0,0,0,0,0,0,32,64,64,64,32,0,6144,8192,12288,14336,16384,22562,22562,22562,26724,37162,43503,33231,41620,39539,49944,9380,17704,34352,2145,10436,31215,52056,52056,43765,35441,22891,10469,10340,4064,2145,40563,64511,5218,5216,24970,31082,8192,14336,32900,30753,34850,47204,38912,20211,60903,52584,61103,52912,34283,40561,65533,2043,4025,10039,26488,44922,55161,57142,57013,1982,51003,53117,59621,31708,22718,65202,6139,2048,37423,2048,31084,10241,22597,47471,28742,22528,20480,20480,16384,12320,8192,4128,2080,0,0,2048,2048,6144,6144,8192,6144,2048,0,0,0,0,0,0,0,0,0,0,0,0,0,0,0,0,0,0,0,0,0,0,0,0,0,0,0,0,0,0,0,0,0,0,0,0,0,0,0,0,0,0,0,0,0,0,0
0,0,0,0,0,0,0,0,0,0,0,0,0,0,0,32,64,64,64,32,0,6144,8192,12288,14336,20481,24643,26724,28805,33000,43405,47665,31150,39539,41620,60349,28077,42676,59324,27084,27084,64511,23914,15591,11492,15591,7266,52056,22890,2047,18793,6243,9380,5218,17702,43699,41487,20612,30949,45386,41158,43174,53447,43040,7725,46306,33887,44455,54961,52977,44720,44720,63351,6007,28667,55491,31310,60279,7002,2905,56248,15589,12745,46270,39165,48614,64338,18559,6144,6144,6144,26855,22595,14336,20480,41128,30753,28672,24576,20480,18464,12320,8192,4128,2048,0,2048,2048,6144,6144,8192,6144,2048,0,0,0,0,0,0,0,0,0,0,0,0,0,0,0,0,0,0,0,0,0,0,0,0,0,0,0,0,0,0,0,0,0,0,0,0,0,0,0,0,0,0,0,0,0,0,0
0,0,0,0,0,0,0,0,0,0,0,0,0,0,0,32,64,64,64,32,0,6144,12288,18433,20481,24643,30886,35048,39243,43405,49648,49811,31150,37458,41620,5218,53049,6243,14534,35441,11493,53113,12486,12420,12420,20938,12420,48887,60284,18631,35441,39539,30190,60349,11427,1054,56054,37260,43435,55791,45320,41093,51366,40960,21268,23447,31806,42342,3894,18559,65398,32102,40296,44390,64874,22063,46837,65336,5945,65269,50998,55356,48221,64869,39036,2768,8051,18560,41449,8192,60082,14336,59953,59857,24576,26624,38914,36864,32769,28672,22528,18432,10240,8192,2048,2048,2048,2048,2048,2048,6144,6144,2048,0,0,0,0,0,0,0,0,0,0,0,0,0,0,0,0,0,0,0,0,0,0,0,0,0,0,0,0,0,0,0,0,0,0,0,0,0,0,0,0,0,0,0,0,0,0,0
0,0,0,0,0,0,0,0,0,0,0,0,0,0,0,32,64,64,32,32,4128,8289,18531,22693,22595,30886,37129,43405,47567,47665,47665,45649,35312,39539,43701,13542,2112,22891,31182,47830,53112,23019,54234,62430,5346,7395,54168,14567,48885,60251,56154,56154,57211,1056,1054,9378,62297,43503,47597,53710,39077,32769,43042,32768,33756,35933,23482,6932,25696,63154,3894,52779,30781,38972,49149,55226,59191,56945,56814,46572,59513,63840,5670,34805,56803,64202,44515,60110,12288,49707,48616,41255,20480,22528,38914,23289,40961,40961,38913,34816,24576,18432,14336,8192,6144,2048,2048,2048,2048,2048,6144,2048,0,0,0,0,0,0,0,0,0,0,0,0,0,0,0,0,0,0,0,0,0,0,0,0,0,0,0,0,0,0,0,0,0,0,0,0,0,0,0,0,0,0,0,0,0,0,0,0
0,0,0,0,0,0,0,0,0,0,0,0,0,0,0,32,64,64,32,32,6208,12451,26855,31017,22595,28838,39243,43503,49746,47730,43568,37325,37393,45782,54106,19753,2112,22891,39506,3168,12486,47863,24043,55290,6338,65469,23977,47797,20679,36335,60380,39539,6243,28077,3135,1054,923,45584,47597,51629,32834,26624,38912,32768,19189,33854,52584,63021,63087,61038,56746,46371,48289,1382,30319,44787,59123,65266,14134,14330,1308,59837,34933,5799,35001,43325,3820,41280,39200,20480,40160,22528,39011,462,41026,28672,47105,45056,38912,34816,26624,22528,14336,12288,6144,6144,2048,2048,2048,2048,2048,2048,0,0,0,0,0,0,0,0,0,0,0,0,0,0,0,0,0,0,0,0,0,0,0,0,0,0,0,0,0,0,0,0,0,0,0,0,0,0,0,0,0,0,0,0,0,0,0,0
0,0,0,0,0,0,0,0,0,0,0,0,0,0,0,32,64,64,32,64,8289,16613,31017,35179,22595,24774,35179,43568,49811,47730,39406,27018,37458,52025,62430,21866,61373,18760,43732,15591,47863,15591,6336,56280,15588,56282,6369,21994,29131,57209,56154,14567,10469,55162,13540,58266,3004,47665,49678,51629,32834,26624,43042,38945,27513,35935,1647,39105,39105,20341,24373,43067,5544,28335,51063,61302,59056,54829,65135,65394,6721,12136,26671,2756,20397,20399,12139,56803,36992,22528,43201,26624,47267,26624,34816,53382,45056,45056,43008,34816,28672,20480,16384,12288,8192,6144,2048,2048,2048,2048,2048,2048,0,0,0,0,0,0,0,0,0,0,0,0,0,0,0,0,0,0,0,0,0,0,0,0,0,0,0,0,0,0,0,0,0,0,0,0,0,0,0,0,0,0,0,0,0,0,0,0
0,0,0,0,0,0,0,0,0,0,0,0,0,0,0,32,64,64,64,64,2048,2048,8192,10240,20612,18531,20612,29001,41487,43666,41585,33294,3105,11429,26028,44725,10436,52056,23914,40563,5280,32173,31180,24040,48884,40691,64476,57339,20679,57209,64511,31182,18760,46838,7265,3135,3004,53908,43435,43305,39077,28672,34816,45188,36864,59821,62956,30716,55654,40058,35831,14825,39763,55286,48945,65462,59054,65264,12148,42601,38959,22637,50715,5859,3812,23533,3686,52576,38976,38976,38944,38944,38944,38944,38945,40961,40960,45056,47106,38913,30720,22528,16384,14336,16450,12353,6178,4097,2048,2048,2048,2048,0,0,0,0,0,0,0,0,0,0,0,0,0,0,0,0,0,0,0,0,0,0,0,0,0,0,0,0,0,0,0,0,0,0,0,0,0,0,0,0,0,0,0,0,0,0,0,0
0,0,0,0,0,0,0,0,0,0,0,0,0,0,0,32,32,64,64,2144,6208,8289,16515,24774,22693,24839,29001,33261,41585,41618,37456,33294,7267,15591,30190,46838,6243,47830,19817,44789,45782,7395,22986,32239,57338,40689,56282,65535,22760,65533,15591,43732,14534,36401,3135,64509,7166,58070,47597,45386,36996,24576,30720,34816,36864,39011,37984,32697,47359,59715,6598,14791,3324,35529,14524,65459,50795,52843,61167,48876,48405,57021,38227,3808,26669,35953,7780,1506,40992,40992,40992,38912,36864,36864,34816,34816,36864,43008,43010,38913,28672,24576,18432,18433,14434,12353,6178,4097,2048,2048,2048,2048,0,0,0,0,0,0,0,0,0,0,0,0,0,0,0,0,0,0,0,0,0,0,0,0,0,0,0,0,0,0,0,0,0,0,0,0,0,0,0,0,0,0,0,0,0,0,0,0
0,0,0,0,0,0,0,0,0,0,0,0,0,0,0,32,32,64,64,2144,6208,8289,18596,24839,14434,20677,31082,31180,31213,27116,27116,27116,5218,15591,32239,51000,6243,39539,19816,48887,62364,23977,31213,32239,40690,15588,31215,57273,20679,61308,23915,52089,10436,32239,9378,5216,923,55989,45516,41224,34915,26624,30720,34816,40995,22528,10865,28534,40953,26287,51192,23014,60534,11516,3157,39493,18685,55086,23871,9498,31853,59100,36146,56858,47414,35920,56666,58653,43040,43040,43008,38912,36864,30720,30720,28672,34816,38912,40962,36865,26624,20480,18433,18531,14434,8289,6178,4097,2048,2048,6144,2048,0,0,0,0,0,0,0,0,0,0,0,0,0,0,0,0,0,0,0,0,0,0,0,0,0,0,0,0,0,0,0,0,0,0,0,0,0,0,0,0,0,0,0,0,0,0,0,0
0,0,0,0,0,0,0,0,0,0,0,0,0,0,0,0,32,96,64,0,2048,2048,10272,14434,18596,26920,29099,29132,25035,23052,29295,37619,56252,5218,28077,53049,10436,39506,11492,44788,47863,21928,14565,47828,39632,23019,6336,24043,14564,44659,11492,43765,2145,38514,23913,13540,49811,45584,39273,37062,34915,32769,38912,43042,45157,26624,57609,15983,40823,26220,63675,23012,3192,44906,32356,64627,43753,57328,64566,46063,50615,1888,29903,42291,6849,44244,60666,62719,47104,45056,40960,40960,38945,32833,32834,32834,34849,41026,36931,30753,22528,16384,12288,14434,8289,6208,4097,2048,2048,2048,6144,6144,2048,0,0,0,0,0,0,0,0,0,0,0,0,0,0,0,0,0,0,0,0,0,0,0,0,0,0,0,0,0,0,0,0,0,0,0,0,0,0,0,0,0,0,0,0,0,0,0
0,0,0,0,0,0,0,0,0,0,0,0,0,0,0,0,32,64,2080,0,2048,2048,12353,18596,39406,41487,41585,37456,33359,35538,50105,62591,37523,52025,15591,51000,10469,31182,60413,23915,53113,39667,32173,30190,23977,38642,32173,45716,4225,19687,52056,27117,55162,38514,30188,5216,41487,39341,37192,32900,32834,34850,40961,40961,40995,34816,43042,58596,36660,51126,31303,18815,40679,61553,36580,56399,35525,51181,60630,52437,44372,46614,23562,48501,48340,20069,28392,9572,49152,45056,45056,40960,36930,36996,32967,32965,35012,39076,32900,24641,14336,8192,6144,4128,8289,4160,4097,2048,6144,6144,10241,8193,2048,0,0,0,0,0,0,0,0,0,0,0,0,0,0,0,0,0,0,0,0,0,0,0,0,0,0,0,0,0,0,0,0,0,0,0,0,0,0,0,0,0,0,0,0,0,0,0
0,0,0,0,0,0,0,0,0,0,0,0,0,0,0,0,32,32,2080,2080,6208,12451,24839,33163,45649,39504,37456,33359,33359,37619,48057,58429,31280,37458,62430,38514,2112,14567,39506,64511,23914,6371,56315,56249,39601,47863,39601,48886,52983,56153,31182,18760,40563,28077,19751,47861,39406,43503,39273,30819,28672,30720,36864,30720,32768,43043,34816,46044,34481,63547,52081,10554,36451,53099,49002,32483,56433,47215,54518,35917,36176,34095,38129,16163,16101,32491,32491,50102,47104,45056,43008,40961,36931,32902,28838,30919,30884,30883,26722,18464,8192,6144,2048,2080,4160,4160,4097,2048,6144,8193,10241,10274,2048,0,0,0,0,0,0,0,0,0,0,0,0,0,0,0,0,0,0,0,0,0,0,0,0,0,0,0,0,0,0,0,0,0,0,0,0,0,0,0,0,0,0,0,0,0,0,0
0,0,0,0,0,0,0,0,0,0,0,0,0,0,0,0,32,32,2080,2080,4128,12451,26920,35244,37423,35342,29132,27116,31278,31376,31409,31376,37523,31215,43701,17704,48887,63486,14567,39506,28141,44788,12420,22953,65535,53113,40563,15590,7265,18664,18760,14567,30190,13542,11427,33294,33163,39341,39273,28738,26624,32769,36864,28672,30720,45124,30720,50206,36529,53172,56273,22909,15706,28254,4340,21117,15996,43181,46322,17286,50743,32014,63068,34860,11744,3453,19811,14660,51200,49152,43008,36864,28672,22562,16452,16452,22625,20544,14400,8192,6144,2048,2080,4225,2144,64,2081,2048,6144,8193,10241,10274,2048,0,0,0,0,0,0,0,0,0,0,0,0,0,0,0,0,0,0,0,0,0,0,0,0,0,0,0,0,0,0,0,0,0,0,0,0,0,0,0,0,0,0,0,0,0,0,0
0,0,0,0,0,0,0,0,0,0,0,0,0,0,0,0,64,64,0,0,2048,4128,12451,20775,41585,37423,33294,37456,39602,35538,25133,14728,47928,29199,33296,64544,34352,46903,2112,18794,19817,60381,15590,44789,28141,3169,11492,19818,27085,51065,6372,14696,26028,7267,11426,33261,24774,35081,35046,24576,26624,39012,39012,28672,28672,39077,24576,54564,30516,32560,48083,27238,28262,24035,12670,31398,64855,26533,54674,36078,61022,29809,5731,32687,48246,43892,15718,10534,47104,45056,36864,26624,18432,12288,6144,6144,14336,14336,8192,6144,6144,2048,6243,12486,65,65,0,0,2048,4097,6208,6208,0,0,0,0,0,0,0,0,0,0,0,0,0,0,0,0,0,0,0,0,0,0,0,0,0,0,0,0,0,0,0,0,0,0,0,0,0,0,0,0,0,0,0,0,0,0,0,0
0,0,0,0,0,0,0,0,0,0,0,0,0,0,0,0,4160,2080,0,0,2080,12484,22889,29132,35375,33294,33294,35375,39537,39602,35440,31278,33361,33427,45847,47994,60414,5349,23980,30321,2113,6374,47959,35539,43766,56318,27118,10600,6599,47163,26222,9509,64574,49909,43568,43503,45453,35048,24578,20480,24578,26659,20480,12288,14400,6144,14464,20640,50729,61034,28665,38842,6344,36466,19816,3292,36713,40008,54699,46445,31730,9771,34745,32696,43071,40957,46114,34816,34816,28672,26625,20480,12288,8192,6144,6144,12288,14336,14336,16384,20516,18535,18570,16587,39511,20782,2,32,32,6306,8385,8385,0,0,0,0,0,0,0,0,0,0,0,0,0,0,0,0,0,0,0,0,0,0,0,0,0,0,0,0,0,0,0,0,0,0,0,0,0,0,0,0,0,0,0,0,0,0,0,0
0,0,0,0,0,0,0,0,0,0,0,0,0,0,0,0,8322,4160,2080,0,2080,6241,14565,18727,24970,22889,22889,27051,31213,33294,31213,27051,29199,25103,29265,39670,52156,64610,11560,17835,28208,42807,10600,63586,63586,14665,51131,40759,51325,28466,5478,64672,56185,43666,39341,47534,47469,34983,24578,22529,22562,24643,16384,8192,2080,32,64,4256,26083,42536,5942,20215,14704,24050,32111,19814,28259,15035,48583,48524,27505,5615,26426,28475,36799,5617,63888,22528,26625,22529,18434,16386,10241,6144,2048,6144,12288,14336,14336,14336,16388,14373,14408,10313,16556,8296,35,32,131,4323,2305,4321,32,0,0,0,0,0,0,0,0,0,0,0,0,0,0,0,0,0,0,0,0,0,0,0,0,0,0,0,0,0,0,0,0,0,0,0,0,0,0,0,0,0,0,0,0,0,0,0
0,0,0,0,0,0,0,0,0,0,0,0,0,0,0,0,8322,6241,4160,2080,2080,2080,2080,4160,22889,20808,22889,29132,35375,37456,37456,35375,35442,33361,33361,43766,60414,7332,13607,15656,7332,26093,63584,48952,42741,59389,36466,34483,28271,9574,60510,56250,49909,41487,43405,47534,43307,34983,24578,22529,22562,22562,14336,8192,4128,0,64,64,3192,28001,54830,7729,18930,64484,36338,36462,3418,43111,46502,50670,29619,7664,24313,34751,47205,48360,28673,20480,20480,18432,16386,12290,10274,6178,6178,6208,14336,16384,14336,16384,16388,14373,12327,8263,4101,8296,14602,16713,8455,4323,192,160,32,0,0,0,0,0,0,0,0,0,0,0,0,0,0,0,0,0,0,0,0,0,0,0,0,0,0,0,0,0,0,0,0,0,0,0,0,0,0,0,0,0,0,0,0,0,0,0
0,0,0,0,0,0,0,0,0,0,0,0,0,0,0,0,2080,2080,2080,2080,2080,0,0,0,16646,16646,18727,27051,35375,39537,39537,37456,45782,35442,33296,39604,56187,1121,1056,60414,58268,13607,59324,36466,28077,42741,32239,38579,9443,62493,54104,51990,49811,41422,45453,49615,39145,32902,26659,22562,22562,18433,14336,8192,4097,8324,32,64,41645,9274,40231,5680,6477,27122,32241,44785,56530,9912,46535,50670,29619,62892,11892,34881,43205,27647,20480,24578,16384,14336,12290,10274,8259,6243,6243,10370,22595,24641,22595,22595,16454,16454,14408,14408,16587,27025,33331,31280,12617,128,64,64,32,0,0,0,0,0,0,0,0,0,0,0,0,0,0,0,0,0,0,0,0,0,0,0,0,0,0,0,0,0,0,0,0,0,0,0,0,0,0,0,0,0,0,0,0,0,0,0
0,0,0,0,0,0,0,0,0,0,0,0,0,0,0,0,0,0,0,2080,2080,0,0,0,2080,2080,6241,14565,22889,29132,29132,29132,39539,31215,26988,29134,41555,45782,41555,33296,43636,62430,36336,9380,60284,7267,62365,9315,56152,47828,47730,47730,43503,37162,39210,47469,32902,30821,24643,22562,20514,14369,10240,6144,2050,14569,32,32,16673,60243,27745,3567,55397,57281,15591,32363,52304,60881,50697,46606,21393,35873,56684,22395,12023,55791,14336,26757,8192,6144,8193,6178,6178,6243,8324,8322,18531,22625,22595,20514,16454,16454,12327,12327,22830,31187,35412,27118,8389,64,64,64,32,0,0,0,0,0,0,0,0,0,0,0,0,0,0,0,0,0,0,0,0,0,0,0,0,0,0,0,0,0,0,0,0,0,0,0,0,0,0,0,0,0,0,0,0,0,0,0
0,0,0,0,0,0,0,0,0,0,0,0,0,0,0,0,0,0,0,0,0,2080,0,0,0,2080,4160,12484,22889,29132,29132,27051,41555,35312,35246,33231,41489,37393,37327,26988,43570,54041,21735,49879,33165,39474,29003,39408,45584,41422,43405,45486,37162,26724,28740,34983,28740,26724,26724,22595,16450,12288,8192,6144,2052,14539,32,32,12513,950,19453,50472,42879,32374,47993,60538,48238,58833,50795,46606,29782,25500,56684,20347,40167,26722,12288,14369,6144,2048,2048,2081,2081,2146,2146,4162,10240,14336,14336,10241,10241,10243,6148,6148,10344,16585,18731,10470,32,32,64,64,0,0,0,0,0,0,0,0,0,0,0,0,0,0,0,0,0,0,0,0,0,0,0,0,0,0,0,0,0,0,0,0,0,0,0,0,0,0,0,0,0,0,0,0,0,0,0,0
0,0,0,0,0,0,0,0,0,0,0,0,0,0,0,0,0,0,0,0,0,0,2080,2080,4160,4160,8322,14565,24970,29132,31213,31180,45651,45651,47667,45651,47667,43570,43505,41489,53910,60218,19557,49813,33100,43570,31019,37262,45486,45453,45453,45453,35048,22529,20480,26659,22562,24643,24676,18531,16450,8192,6144,6144,2052,14540,2,10468,37485,36327,23645,31773,42878,26097,18795,14692,39885,62997,52878,44560,38106,17176,1650,30786,17373,14336,8192,4128,0,32,32,32,32,32,32,32,6144,8192,8192,8192,8192,6144,6146,6146,2050,4099,4164,2081,32,32,32,2144,0,0,0,0,0,0,0,0,0,0,0,0,0,0,0,0,0,0,0,0,0,0,0,0,0,0,0,0,0,0,0,0,0,0,0,0,0,0,0,0,0,0,0,0,0,0,0,0
0,0,0,0,0,0,0,0,0,0,0,0,0,0,0,0,4160,2080,0,0,0,0,0,0,0,0,0,6241,16646,20808,20808,20775,33165,39343,43505,43505,41424,39343,41424,43505,53910,60153,17508,51829,39343,58072,45586,55893,53712,51631,53712,53712,41226,24578,20480,24643,20481,22595,20612,18596,12353,8192,6144,2048,2053,18702,2,27116,1083,65527,34018,19287,45025,24114,63553,42870,27467,60983,50833,44562,31833,64048,3699,30948,790,8192,14532,0,32,64,32,32,32,32,32,32,6144,8192,8192,10241,8193,10274,10274,10274,2050,4097,4162,4162,0,32,32,65,0,0,0,0,0,0,0,0,0,0,0,0,0,0,0,0,0,0,0,0,0,0,0,0,0,0,0,0,0,0,0,0,0,0,0,0,0,0,0,0,0,0,0,0,0,0,0,0
0,0,0,0,0,0,0,0,0,0,0,0,0,0,0,0,0,0,0,0,0,0,0,0,4160,4160,4160,4160,4160,4160,4160,6208,37327,45586,49748,43505,26857,16452,14371,18533,22695,21670,860,35181,31019,35181,45586,24678,26659,30723,28674,26625,22529,20480,16384,14336,16384,12288,12288,8192,8192,2048,2048,2048,2052,14539,32,60410,52081,18750,11157,54632,62762,5419,63718,20013,13990,41248,42546,38355,9966,38051,22460,26722,51759,6144,10403,32,32,64,32,64,32,32,32,0,2048,6144,6144,6144,6144,6144,4097,6208,2048,2048,2048,0,0,0,0,0,0,0,0,0,0,0,0,0,0,0,0,0,0,0,0,0,0,0,0,2081,2081,0,0,0,0,0,0,0,0,0,0,0,0,0,0,0,0,0,0,0,0,0,0,0,0,0,0,0
0,0,0,0,0,0,0,0,0,0,0,0,0,0,0,0,0,0,0,0,0,0,0,0,2080,2080,2080,2080,2080,2080,2080,4128,20679,31019,37262,33100,22695,14371,16452,20614,14371,9184,51829,22695,20614,22695,35181,16386,32804,30723,28674,22529,20480,16384,14336,8192,12288,10272,10272,4128,4128,2048,2048,2048,2052,8261,4162,3229,39531,10427,23643,54695,56549,5420,32440,37818,47296,45504,39488,32182,1643,1584,39108,16316,47597,6144,8322,64,64,64,64,64,32,32,32,0,2050,6146,6146,6144,6144,6144,4128,6208,2048,2048,2048,2048,0,0,2,2,0,0,0,0,0,0,0,0,0,0,0,0,0,0,0,0,0,0,0,2081,2081,0,0,0,0,0,0,0,0,0,0,0,0,0,0,0,0,0,0,0,0,0,0,0,0,0,0,0
0,0,0,0,0,0,0,0,0,0,0,0,0,0,0,0,0,0,0,0,0,0,0,0,0,0,0,0,0,0,0,2048,6144,14371,20614,20614,16452,14371,18533,22695,20614,5022,43505,20614,20614,20614,31019,16386,28740,32804,26659,20481,16384,10240,6144,2048,4128,4128,4128,4128,2048,2048,2048,2048,8261,2048,8322,3162,59379,36389,6993,19350,7661,28343,47072,2443,26624,2825,22848,50850,54695,36863,43206,46442,33030,6144,0,64,64,64,32,32,32,32,0,2048,2050,2050,2050,2048,2048,2048,4128,6208,2048,2048,2048,2048,2048,2050,2052,2050,0,0,0,0,0,0,0,0,0,0,0,0,0,0,0,0,0,0,0,2081,2081,0,0,0,0,0,0,0,0,0,0,0,0,0,0,0,0,0,0,0,0,0,0,0,0,0,0,0
0,0,0,0,0,0,0,0,0,0,0,0,0,0,0,0,0,0,0,0,0,0,0,0,0,0,0,0,0,0,0,2048,6144,8192,12290,12290,12290,12290,18533,22695,24776,62234,31019,14371,20614,16452,24776,14337,26724,28740,22562,18433,10240,6144,2048,0,2080,32,0,0,2048,2048,2048,2048,14502,2048,4192,56242,15675,7318,9170,13107,11824,47073,63721,32768,51525,60074,54055,46757,58792,55495,22395,57872,14336,6144,0,64,64,64,32,32,32,0,2048,2048,2052,2052,2050,2048,2048,2048,4128,6208,2048,2048,2048,2048,2050,2050,2052,2050,2,0,0,0,0,0,0,0,0,0,0,0,0,0,0,0,0,0,0,2081,2081,0,0,0,0,0,0,0,0,0,0,0,0,0,0,0,0,0,0,0,0,0,0,0,0,0,0,0
0,0,0,0,0,0,0,0,0,0,0,0,0,0,0,0,0,0,0,0,0,0,0,0,0,0,0,0,0,0,0,2048,6144,6144,8193,8193,8193,10274,14436,16517,20679,45651,8193,6144,10274,6144,10274,8192,22595,22595,16450,10272,4128,0,32,64,64,64,32,32,0,2048,2048,6144,10370,2048,2112,54159,7381,23964,52839,60968,7664,47171,60652,28672,34849,26816,49932,15545,12019,51301,50343,20480,14336,12320,0,64,64,64,32,32,0,2048,6144,6144,2052,4,2050,2048,2048,2048,4128,6208,2048,2048,6144,6144,6146,6146,6148,2050,2,0,0,0,0,0,0,0,0,0,0,0,0,0,0,0,0,0,0,2081,2081,0,0,0,0,0,0,0,0,0,0,0,0,0,0,0,0,0,0,0,0,0,0,0,0,0,0,0
0,0,0,0,0,0,0,0,0,0,0,0,0,0,0,0,0,0,0,0,0,0,0,0,0,0,0,0,0,0,0,0,6178,10274,8193,8193,8193,10274,12355,14436,31084,43570,6144,6144,14436,6144,10274,6144,14369,14369,10272,6208,2080,32,64,64,64,64,64,32,0,0,6144,6144,14532,2048,4224,49996,9460,32286,63274,5935,30587,47077,45063,30721,20480,39273,37450,9272,34812,30522,14965,22528,14336,18561,0,64,64,64,32,32,2048,6144,8192,6146,2052,4,2050,2048,2048,2048,4128,6208,2048,2048,6144,6144,6146,6146,6148,2052,2050,0,0,0,0,0,0,0,0,0,0,0,0,0,0,0,0,0,0,2081,2081,0,0,0,0,0,0,0,0,0,0,0,0,0,0,0,0,0,0,0,0,0,0,0,0,0,0,0
0,0,0,0,0,0,0,0,0,0,0,0,0,0,0,0,0,0,0,0,0,0,0,0,0,0,0,0,0,0,0,0,8259,4097,2048,2048,4097,6178,8259,8259,41555,43636,2048,2048,18664,4097,10340,8259,8192,4128,4128,2080,96,96,96,128,96,64,64,32,0,0,6144,6144,16513,2080,6304,41702,11539,26073,40383,52710,51430,58539,30722,45098,20480,11165,35339,19679,34814,60583,51302,22528,16384,12320,2048,4225,64,64,32,32,2048,6144,8192,8194,2052,4,2,0,2048,2048,4128,6208,2048,2048,6144,6144,6146,6146,6148,2052,2050,0,0,0,0,0,0,0,0,0,0,0,0,0,0,0,0,0,0,2081,2081,0,0,0,0,0,0,0,0,0,0,0,0,0,0,0,0,0,0,0,0,0,0,0,0,0,0,0
0,0,0,0,0,0,0,0,0,0,0,0,0,0,0,0,0,0,0,0,0,0,0,0,0,0,0,0,0,0,0,0,6178,2048,2048,2048,2048,6178,8259,8259,39474,37393,2048,2048,14502,2048,4097,4097,2048,2048,0,64,96,128,128,128,64,64,64,32,0,0,2048,2048,2048,2048,4160,43716,32247,48732,44474,58916,38974,32769,26628,20484,39180,15455,33286,9272,22328,25305,30720,22528,16384,8192,6144,4160,0,32,32,0,2048,6144,6144,6146,2052,4,2,0,2048,2048,4128,6208,2048,2048,2048,2048,6144,2050,6148,2052,2,0,0,0,0,0,0,0,0,0,0,0,0,0,0,0,0,0,0,2081,2081,0,0,0,0,0,0,0,0,0,0,0,0,0,0,0,0,0,0,0,0,0,0,0,0,0,0,0
0,0,0,0,0,0,0,0,0,0,0,0,0,0,0,0,0,0,0,0,0,0,0,0,0,0,0,0,0,0,0,0,0,0,0,0,0,0,0,0,41620,24972,2081,0,0,4162,4162,2081,0,0,0,0,32,32,32,32,32,32,32,0,0,0,0,2,5,6278,10304,16480,42319,62997,48401,39028,27611,30823,12293,8197,33163,15613,26073,57192,44259,31714,26625,32902,14336,24678,14371,12355,6144,2048,0,0,0,0,0,0,2,2,0,0,0,0,0,0,0,0,0,0,2048,0,2050,2,0,0,0,0,0,0,0,0,0,0,0,0,0,0,0,0,0,0,0,0,0,0,0,0,0,0,0,0,0,0,0,0,0,0,0,0,0,0,0,0,0,0,0,0,0,0,0,0
0,0,0,0,0,0,0,0,0,0,0,0,0,0,0,0,0,0,0,0,0,0,0,0,0,0,0,0,0,0,0,0,0,0,0,0,0,0,0,0,33296,18729,2081,0,0,4162,4162,0,0,0,0,0,0,0,0,0,0,0,0,0,0,0,0,4,108,5,43595,31957,56754,1523,11899,24426,23482,22599,6151,2053,0,43754,64555,38460,19450,39111,39081,6841,6940,14336,12288,14371,6144,2048,2048,0,32,32,32,32,0,0,0,0,0,0,0,0,0,0,0,0,0,0,0,0,0,0,0,0,0,0,0,0,0,0,0,0,0,0,0,0,0,0,0,0,0,0,0,0,0,0,0,0,0,0,0,0,0,0,0,0,0,0,0,0,0,0,0,0,0,0,0,0
0,0,0,0,0,0,0,0,0,0,0,0,0,0,0,0,0,0,0,0,0,0,0,0,0,0,0,0,0,0,0,0,0,0,0,0,0,0,0,0,20810,10405,0,0,0,4162,2081,0,0,0,0,0,0,0,0,0,0,0,0,0,0,0,0,4,16756,5,60245,35129,60887,52527,13982,48311,53641,12290,6151,2054,0,10464,8384,31168,43369,53648,23523,15324,48560,55828,22597,8192,6144,2048,2048,0,32,32,32,32,0,0,0,0,0,0,0,0,0,0,0,0,0,0,0,0,0,0,0,0,0,0,0,0,0,0,0,0,0,0,0,0,0,0,0,0,0,0,0,0,0,0,0,0,0,0,0,0,0,0,0,0,0,0,0,0,0,0,0,0,0,0,0,0
0,0,0,0,0,0,0,0,0,0,0,0,0,0,0,0,0,0,0,0,0,0,0,0,0,0,0,0,0,0,0,0,0,0,0,0,0,0,0,0,8324,2081,0,0,2081,2081,0,0,0,0,0,0,0,0,0,0,0,0,0,0,0,0,0,4,6351,7,47728,7022,43249,30695,47346,20268,6934,12290,8234,16623,2081,32,2112,6176,12153,62166,6905,15359,15326,45488,8192,39343,6144,2048,0,0,32,32,32,32,0,0,0,0,0,0,0,0,0,0,0,0,0,0,0,0,0,0,0,0,0,0,0,0,0,0,0,0,0,0,0,0,0,0,0,0,0,0,0,0,0,0,0,0,0,0,0,0,0,0,0,0,0,0,0,0,0,0,0,0,0,0,0,0
0,0,0,0,0,0,0,0,0,0,0,0,0,0,0,0,0,0,0,0,0,0,0,0,0,0,0,0,0,0,0,0,0,0,0,0,0,0,0,0,0,0,0,0,2081,2081,0,0,0,0,0,0,0,0,0,0,0,0,0,0,0,0,0,4,9,7,26920,23641,65023,60793,65021,7915,30786,30991,2057,2056,2,2112,8320,16576,47597,38123,63157,31974,53747,12288,45586,8192,6144,2048,0,0,32,32,32,32,0,0,0,0,0,0,0,0,0,0,0,0,0,0,0,0,0,0,0,0,0,0,0,0,0,0,0,0,0,0,0,0,0,0,0,0,0,0,0,0,0,0,0,0,0,0,0,0,0,0,0,0,0,0,0,0,0,0,0,0,0,0,0,0
0,0,0,0,0,0,0,0,0,0,0,0,0,0,0,0,0,0,0,0,0,0,0,0,0,0,0,0,0,0,0,0,0,0,0,0,0,0,0,0,0,0,0,0,0,0,0,0,0,0,0,0,0,0,0,0,0,0,0,0,0,0,0,4,9,12496,8192,15352,24562,32752,32753,4843,55922,30991,2057,4137,4,6241,8320,6144,14336,14336,14336,28840,45488,8192,8192,6144,2048,2048,0,0,32,32,32,32,0,0,0,0,0,0,0,0,0,0,0,0,0,0,0,0,0,0,0,0,0,0,0,0,0,0,0,0,0,0,0,0,0,0,0,0,0,0,0,0,0,0,0,0,0,0,0,0,0,0,0,0,0,0,0,0,0,0,0,0,0,0,0,0
0,0,0,0,0,0,0,0,0,0,0,0,0,0,0,0,0,0,0,0,0,0,0,0,0,0,0,0,0,0,0,0,0,0,0,0,0,0,0,0,0,0,2081,2081,0,0,0,0,0,0,0,0,0,0,0,0,0,0,0,0,0,0,0,4,9,16658,8194,11130,3690,28660,53472,13205,43469,10246,7,16656,4,6243,2048,6144,24676,33002,33002,8192,45586,8192,8192,18598,2048,2048,0,0,0,0,32,32,0,0,0,0,0,0,0,0,0,0,0,0,0,0,0,0,0,0,0,0,0,0,0,0,0,0,0,0,0,0,0,0,0,0,0,0,0,0,0,0,0,0,0,0,0,0,0,0,0,0,0,0,0,0,0,0,0,0,0,0,0,0,0,0
0,0,0,0,0,0,0,0,0,0,0,0,0,0,0,0,0,0,0,0,0,0,0,0,0,0,0,0,0,0,0,0,0,0,0,0,0,0,0,0,0,2081,2081,2081,0,0,0,0,0,0,0,0,0,0,0,0,0,0,0,0,0,0,0,4,9,8269,8196,31973,60906,39167,31901,48616,64346,16587,7,12494,5,2083,14532,12320,8192,8192,22695,20614,8192,24841,20679,6144,2048,2048,0,0,0,0,32,32,0,0,0,0,0,0,0,0,0,0,0,0,0,0,0,0,0,0,0,0,0,0,0,0,0,0,0,0,0,0,0,0,0,0,0,0,0,0,0,0,0,0,0,0,0,0,0,0,0,0,0,0,0,0,0,0,0,0,0,0,0,0,0,0
0,0,0,0,0,0,0,0,0,0,0,0,0,0,0,0,0,0,0,0,0,0,0,0,0,0,0,0,0,0,0,0,0,0,0,0,0,0,0,0,0,0,0,0,0,0,0,0,0,0,0,0,0,0,0,0,0,0,0,0,0,0,0,4,8334,9,8197,45423,33890,1584,65072,48556,18533,8296,38,5,5,4,6146,8192,8192,6144,6144,6144,6144,2048,2048,2048,2048,2048,0,0,0,0,0,0,0,0,0,0,0,0,0,0,0,0,0,0,0,0,0,0,0,0,0,0,0,0,0,0,0,0,0,0,0,0,0,0,0,0,0,0,0,0,0,0,0,0,0,0,0,0,0,0,0,0,0,0,0,0,0,0,0,0,0,0,0,0,0,0
0,0,0,0,0,0,0,0,0,0,0,0,0,0,0,0,0,0,0,0,0,0,0,0,0,0,0,0,0,0,0,0,0,0,0,0,0,0,0,0,0,0,0,0,0,0,0,0,0,0,0,0,0,0,0,0,0,0,0,0,0,0,0,2,7,7,8197,14338,22529,28674,20480,12288,14436,4164,36,36,5,4,6148,8194,6144,2048,6144,2048,2048,2048,2048,2048,2048,2048,0,0,0,0,0,0,0,0,0,0,0,0,0,0,0,0,0,0,0,0,0,0,0,0,0,0,0,0,0,0,0,0,0,0,0,0,0,0,0,0,0,0,0,0,0,0,0,0,0,0,0,0,0,0,0,0,0,0,0,0,0,0,0,0,0,0,0,0,0,0
0,0,0,0,0,0,0,0,0,0,0,0,0,0,0,0,0,0,0,0,0,0,0,0,0,0,0,0,0,0,0,0,0,0,0,0,0,0,0,0,0,0,0,0,0,0,0,0,0,0,0,0,0,0,0,0,0,0,0,0,0,0,0,2,4200,8297,16489,18439,16386,20480,14336,8192,6178,65,64,66,36,4,8198,10246,2050,0,2048,0,0,0,0,0,0,0,0,0,0,0,0,0,0,0,0,0,0,0,0,0,0,0,0,0,0,0,0,0,0,0,0,0,0,0,0,0,0,0,0,0,0,0,0,0,0,0,0,0,0,0,0,0,0,0,0,0,0,0,0,0,0,0,0,0,0,0,0,0,0,0,0,0,0,0,0,0
0,0,0,0,0,0,0,0,0,0,0,0,0,0,0,0,0,0,0,0,0,0,0,0,0,0,0,0,0,0,0,0,0,0,0,0,0,0,0,0,0,0,0,0,0,0,0,0,0,0,0,0,0,0,0,0,0,0,0,0,0,0,0,2,4,4,10246,16390,16386,16386,20483,20679,0,64,64,64,34,4,10249,10247,2050,0,0,0,0,0,0,0,0,0,0,0,0,0,0,0,0,0,0,0,0,0,0,0,0,0,0,0,0,0,0,0,0,0,0,0,0,0,0,0,0,0,0,0,0,0,0,0,0,0,0,0,0,0,0,0,0,0,0,0,0,0,0,0,0,0,0,0,0,0,0,0,0,0,0,0,0,0,0,0
0,0,0,0,0,0,0,0,0,0,0,0,0,0,0,0,0,0,0,0,0,0,0,0,0,0,0,0,0,0,0,0,0,0,0,0,0,0,0,0,0,0,0,0,0,0,0,0,0,0,0,0,0,0,0,0,0,0,0,0,0,0,0,0,2,2052,6148,12292,14340,14338,12288,6144,32,64,96,64,32,2053,10249,10249,2,32,32,32,32,32,0,0,0,0,0,0,0,0,2048,2048,0,0,0,0,0,0,0,0,0,0,0,0,0,0,0,0,0,0,0,0,0,0,0,0,0,0,0,0,0,0,0,0,0,0,0,0,0,0,0,0,0,0,0,0,0,0,0,0,0,0,0,0,0,0,0,0,0,0,0,0,0,0,0,0
0,0,0,0,0,0,0,0,0,0,0,0,0,0,0,0,0,0,0,0,0,0,0,0,0,0,0,0,0,0,0,0,0,0,0,0,0,0,0,0,0,0,0,0,0,0,0,0,0,0,0,0,0,0,0,0,0,0,0,0,0,0,0,0,10405,6180,6148,14341,20487,22536,16388,2048,32,96,128,96,32,2053,8200,8200,2,32,32,32,32,32,0,0,0,0,0,0,0,0,2048,2048,0,0,0,0,0,0,0,0,0,0,0,0,0,0,0,0,0,0,0,0,0,0,0,0,0,0,0,0,0,0,0,0,0,0,0,0,0,0,0,0,0,0,0,0,0,0,0,0,0,0,0,0,0,0,0,0,0,0,0,0,0,0,0,0
0,0,0,0,0,0,0,0,0,0,0,0,0,0,0,0,0,0,0,0,0,0,0,0,0,0,0,0,0,0,0,0,0,0,0,0,0,0,0,0,0,0,0,0,0,0,0,0,0,0,0,0,0,0,0,0,0,0,0,0,0,0,0,0,0,2048,6146,12292,14341,12292,8194,2048,64,128,128,128,96,2083,8199,6151,2,32,32,32,32,32,32,32,0,0,0,0,0,0,2048,2048,0,0,0,0,0,0,0,0,0,0,0,0,0,0,0,0,0,0,0,0,0,0,0,0,0,0,0,0,0,0,0,0,0,0,0,0,0,0,0,0,0,0,0,0,0,0,0,0,0,0,0,0,0,0,0,0,0,0,0,0,0,0,0,0
0,0,0,0,0,0,0,0,0,0,0,0,0,0,0,0,0,0,0,0,0,0,0,0,0,0,0,0,0,0,0,0,0,0,0,0,0,0,0,0,0,0,0,0,0,0,0,0,0,0,0,0,0,0,0,0,0,0,0,0,0,0,0,0,2080,6178,12325,12294,8196,8196,6146,4128,32,96,128,128,64,2,6149,6149,2,32,32,32,32,32,32,32,0,0,0,0,0,0,2048,2048,0,0,0,0,0,0,0,0,0,0,0,0,0,0,0,0,0,0,0,0,0,0,0,0,0,0,0,0,0,0,0,0,0,0,0,0,0,0,0,0,0,0,0,0,0,0,0,0,0,0,0,0,0,0,0,0,0,0,0,0,0,0,0,0
0,0,0,0,0,0,0,0,0,0,0,0,0,0,0,0,0,0,0,0,0,0,0,0,0,0,0,0,0,0,0,0,0,0,0,0,0,0,0,0,0,0,0,0,0,0,0,0,0,0,0,0,0,0,0,0,0,0,0,0,0,0,0,0,0,0,2048,2050,2050,2050,2048,0,0,32,32,32,0,0,2050,2050,0,0,0,0,0,0,0,0,0,0,0,0,0,0,0,0,0,0,0,0,0,0,0,0,0,0,0,0,0,0,0,0,0,0,0,0,0,0,0,0,0,0,0,0,0,0,0,0,0,0,0,0,0,0,0,0,0,0,0,0,0,0,0,0,0,0,0,0,0,0,0,0,0,0,0,0,0,0,0,0
0,0,0,0,0,0,0,0,0,0,0,0,0,0,0,0,0,0,0,0,0,0,0,0,0,0,0,0,0,0,0,0,0,0,0,0,0,0,0,0,0,0,0,0,0,0,0,0,0,0,0,0,0,0,0,0,0,0,0,0,0,0,0,0,0,0,0,0,0,0,0,0,0,0,0,0,0,0,0,0,0,0,0,0,0,0,0,0,0,0,0,0,0,0,0,0,0,0,0,0,0,0,0,0,0,0,0,0,0,0,0,0,0,0,0,0,0,0,0,0,0,0,0,0,0,0,0,0,0,0,0,0,0,0,0,0,0,0,0,0,0,0,0,0,0,0,0,0,0,0,0,0,0,0,0,0,0,0,0,0
0,0,0,0,0,0,0,0,0,0,0,0,0,0,0,0,0,0,0,0,0,0,0,0,0,0,0,0,0,0,0,0,0,0,0,0,0,0,0,0,0,0,0,0,0,0,0,0,0,0,0,0,0,0,0,0,0,0,0,0,0,0,0,0,0,0,0,0,0,0,0,0,0,0,0,0,0,0,0,0,0,0,0,0,0,0,0,0,0,0,0,0,0,0,0,0,0,0,0,0,0,0,0,0,0,0,0,0,0,0,0,0,0,0,0,0,0,0,0,0,0,0,0,0,0,0,0,0,0,0,0,0,0,0,0,0,0,0,0,0,0,0,0,0,0,0,0,0,0,0,0,0,0,0,0,0,0,0,0,0
0,0,0,0,0,0,0,0,0,0,0,0,0,0,0,0,0,0,0,0,0,0,0,0,0,0,0,0,0,0,0,0,0,0,0,0,0,0,0,0,0,0,0,0,0,0,0,0,0,0,0,0,0,0,0,0,0,0,0,0,0,0,0,0,0,0,0,0,0,0,0,0,0,0,0,0,0,0,0,0,0,0,0,0,0,0,0,0,0,0,0,0,0,0,0,0,0,0,0,0,0,0,0,0,0,0,0,0,0,0,0,0,0,0,0,0,0,0,0,0,0,0,0,0,0,0,0,0,0,0,0,0,0,0,0,0,0,0,0,0,0,0,0,0,0,0,0,0,0,0,0,0,0,0,0,0,0,0,0,0
0,0,0,0,0,0,0,0,0,0,0,0,0,0,0,0,0,0,0,0,0,0,0,0,0,0,0,0,0,0,0,0,0,0,0,0,0,0,0,0,0,0,0,0,0,0,0,0,0,0,0,0,0,0,0,0,0,0,0,0,0,0,0,0,0,0,0,0,0,0,0,0,0,0,0,0,0,0,0,0,0,0,0,0,0,0,0,0,0,0,0,0,0,0,0,0,0,0,0,0,0,0,0,0,0,0,0,0,0,0,0,0,0,0,0,0,0,0,0,0,0,0,0,0,0,0,0,0,0,0,0,0,0,0,0,0,0,0,0,0,0,0,0,0,0,0,0,0,0,0,0,0,0,0,0,0,0,0,0,0
0,0,0,0,0,0,0,0,0,0,0,0,0,0,0,0,0,0,0,0,0,0,0,0,0,0,0,0,0,0,0,0,0,0,0,0,0,0,0,0,0,0,0,0,0,0,0,0,0,0,0,0,0,0,0,0,0,0,0,0,0,0,0,0,0,0,0,0,0,0,0,0,0,0,0,0,0,0,0,0,0,0,0,0,0,0,0,0,0,0,0,0,0,0,0,0,0,0,0,0,0,0,0,0,0,0,0,0,0,0,0,0,0,0,0,0,0,0,0,0,0,0,0,0,0,0,0,0,0,0,0,0,0,0,0,0,0,0,0,0,0,0,0,0,0,0,0,0,0,0,0,0,0,0,0,0,0,0,0,0
0,0,0,0,0,0,0,0,0,0,0,0,0,0,0,0,0,0,0,0,0,0,0,0,0,0,0,0,0,0,0,0,0,0,0,0,0,0,0,0,0,0,0,0,0,0,0,0,0,0,0,0,0,0,0,0,0,0,0,0,0,0,0,0,0,0,0,0,0,0,0,0,0,0,0,0,0,0,0,0,0,0,0,0,0,0,0,0,0,0,0,0,0,0,0,0,0,0,0,0,0,0,0,0,0,0,0,0,0,0,0,0,0,0,0,0,0,0,0,0,0,0,0,0,0,0,0,0,0,0,0,0,0,0,0,0,0,0,0,0,0,0,0,0,0,0,0,0,0,0,0,0,0,0,0,0,0,0,0,0
0,0,0,0,0,0,0,0,0,0,0,0,0,0,0,0,0,0,0,0,0,0,0,0,0,0,0,0,0,0,0,0,0,0,0,0,0,0,0,0,0,0,0,0,0,0,0,0,0,0,0,0,0,0,0,0,0,0,0,0,0,0,0,0,0,0,0,0,0,0,0,0,0,0,0,0,0,0,0,0,0,0,0,0,0,0,0,0,0,0,0,0,0,0,0,0,0,0,0,0,0,0,0,0,0,0,0,0,0,0,0,0,0,0,0,0,0,0,0,0,0,0,0,0,0,0,0,0,0,0,0,0,0,0,0,0,0,0,0,0,0,0,0,0,0,0,0,0,0,0,0,0,0,0,0,0,0,0,0,0
